4515,0,-1.6572,-2.2359,-1.001,-2.2817,-3.0497,0.050056,973
3515,1.001,-1.9303,-3.1345,-2.1127,-1.6256,-3.0361,0.072634,473
3308,0,-1.6395,-2.0177,-2.0844,-1.4873,-2.8568,0.049998,366
5817,0,-2.3257,-2.4124,-1.6806,-2.1468,-2.8154,0.044507,1625
3222,0,-1.6044,-1.4061,-1.8282,-1.7351,-2.807,0.045458,330
5519,0,-1.001,-1.4604,-2.2377,-1.3871,-2.7928,0.053632,1477
2922,1.001,-1.8691,-1.3968,-2.018,-2.2863,-2.7803,0.048738,180
4734,1.001,-2.3429,-2.2518,-2.2285,-2.2575,-2.7622,0.059671,1092
1703,0,-1.5307,-1.902,-2.2275,-1.9469,-2.7516,0.044456,67
4631,1.001,-2.2863,-2.0877,-1.5661,-2.452,-2.7514,0.075209,1039
5410,0,-2.0536,-1.5807,-1.001,-2.1075,-2.7478,0.048841,1418
2913,0,-1.4168,-1.9152,-1.001,-1.001,-2.7438,0.03337,171
5401,1.4457,-2.0281,-1.5249,-1.9272,-1.5866,-2.7268,0.25022,1409
2915,1.4112,-2.0405,-2.0558,-2.3887,-1.8637,-2.6842,0.081793,173
6200,0,-2.1306,-1.8055,0,-1.8161,-2.6721,0.044183,1662
5002,0,-1.5257,-2.0909,-2.0146,-1.8586,-2.6696,0.07998,1210
4404,0,-1.9947,-2.2345,-1.4129,-1.4095,-2.6564,0.043142,912
3111,0,-2.2314,-1.8711,-1.6206,-1.5127,-2.6534,0.03216,269
4747,1.001,-1.8099,-1.6231,-2.1587,-1.001,-2.6531,0.051832,1105
4417,0,-1.784,-1.9643,-1.9806,-2.3342,-2.6512,0.039656,925
5825,0,-2.0548,-2.373,-1.7026,-1.001,-2.64,0.040443,1633
5427,0,-1.3356,-1.6064,-1.963,-2.3248,-2.636,0.042642,1435
5214,0,-2.2259,-2.0541,-1.7841,-1.6988,-2.6123,0.051793,1322
5523,0,-2.2285,-1.4171,-2.4435,-1.9388,-2.6078,0.036453,1481
4727,0,-1.9877,-2.0486,-2.0768,-1.4112,-2.6066,0.056407,1085
5205,-1.001,-2.1983,-1.3475,-1.9212,-1.598,-2.5977,0.054869,1313
5142,0,-1.6552,-1.001,0,-2.3579,-2.5963,0.037504,1300
5213,1.001,0,-1.9952,-1.001,-1.9176,-2.5947,0.03539,1321
4520,0,-2.1514,-1.9047,-1.4994,-1.8118,-2.5917,0.044993,978
3115,0,-1.8857,-2.3858,-1.7251,-2.0019,-2.5865,0.061167,273
5713,0,-1.8562,-2.479,-1.9762,-2.043,-2.5805,0.051485,1571
4722,0,-2.3315,-1.9063,-2.5199,-2.4506,-2.5753,0.076568,1080
3105,0,-2.2416,-1.3441,-1.5023,-1.4083,-2.5682,0.050893,263
3827,1.001,-2.0005,-2.0252,-2.4063,-2.3741,-2.5644,0.058995,635
3530,0,-1.4171,-1.4168,-1.4112,-1.4001,-2.5441,0.035051,488
4432,0,-1.995,-1.3571,-1.67,-1.9315,-2.544,0.034553,940
3110,0,-1.953,0,-1.4132,-0.98985,-2.5405,0.03617,268
5036,0,-1.7337,-1.001,-1.6391,-1.3727,-2.534,0.026907,1244
4311,0,-1.9069,-2.4158,-1.001,-1.7256,-2.5313,0.048049,869
5235,0,-1.9876,-1.001,-1.4171,-1.3759,-2.5233,0.022889,1343
5423,0,-1.5083,-1.6916,-2.1638,-1.6125,-2.5227,0.066728,1431
3712,0,-2.1802,-1.4077,-1.001,0,-2.5181,0.021991,570
5803,0,-1.001,-1.001,-1.9708,-1.7313,-2.5103,0.029851,1611
3828,-1.001,-1.3761,-2.3365,-1.4149,-1.4121,-2.5084,0.046269,636
5725,0,-1.8057,-1.1257,-1.5444,-2.0482,-2.5083,0.051541,1583
3925,0,-1.9564,-1.7345,-1.8453,-1.9043,-2.5041,0.048367,683
5132,0,-1.3081,-1.8853,-1.5377,-2.0522,-2.5025,0.038513,1290
5528,1.4167,-1.8554,-2.6544,-1.8055,-1.8528,-2.4968,0.065794,1486
5413,0,-1.416,-1.7937,-1.9087,-1.9062,-2.4867,0.053707,1421
3341,-0.28846,-1.8935,-1.001,-1.9319,-1.7,-2.4818,0.053099,399
5146,1.001,-2.0679,-1.7225,-1.3599,-1.8596,-2.4812,0.042517,1304
4406,0,-1.9086,-0.95554,-2.0587,-1.9127,-2.4798,0.065546,914
1204,0,-1.6614,-1.8829,-0.67165,-1.8462,-2.4698,0.039949,48
5008,-1.001,-1.9414,-1.3363,-2.1443,-1.9126,-2.4692,0.048878,1216
2825,1.001,-0.69913,-1.001,-1.3941,-1.4083,-2.4617,0.028377,133
3018,0,-1.9978,-1.6794,-1.8048,-2.0902,-2.4604,0.055076,226
3347,0.91522,-2.2337,-2.0726,-1.3181,-2.3211,-2.4603,0.091189,405
2932,0,-2.1289,-1.7209,-1.3441,-1.9661,-2.4588,0.048143,190
3947,-1.001,-1.7094,-1.9002,-1.9209,-1.4814,-2.4524,0.10595,705
3750,1.001,-1.3996,-1.001,-1.7101,-1.6908,-2.4523,0.04549,608
3345,0,-1.6071,-2.0091,-1.001,-2.2308,-2.4442,0.03771,403
804,-1.001,-2.2148,-2.0896,-2.0154,-1.4104,-2.4413,0.058465,32
5818,-1.001,-1.2838,-1.7119,-1.9189,-1.001,-2.439,0.041007,1626
3730,0,-1.6653,-1.8807,-1.4091,-1.5998,-2.4381,0.044955,588
5126,0,-1.5187,-1.875,-1.3719,-1.4168,-2.4368,0.042565,1284
1704,-1.001,-1.001,-1.2119,-1.5825,-2.006,-2.429,0.042047,68
3724,0,-1.4055,-1.4171,-1.5771,-1.7263,-2.428,0.04632,582
5802,0.16285,-1.2307,-1.717,-2.4543,-1.5256,-2.4247,0.10472,1610
3229,0,-1.7294,-1.4571,-1.001,-1.6105,-2.4243,0.036203,337
5211,1.001,-1.8886,-2.038,-2.185,-1.9986,-2.419,0.065998,1319
3844,0,-1.3968,-1.9305,-1.7249,-1.6459,-2.4186,0.03975,652
5732,0,-1.4167,-1.5867,-1.001,-1.7288,-2.4054,0.024976,1590
5716,0,-1.001,-1.9619,-1.6677,-1.8296,-2.4042,0.036885,1574
2816,1.001,-1.6114,-1.6309,-1.1864,-2.2589,-2.4009,0.065333,124
5028,0,-1.6233,-1.3153,-1.7359,-1.026,-2.3959,0.045103,1236
2942,0,-1.618,-1.9056,-1.3099,-1.4167,-2.3832,0.041354,200
5118,0,-2.1578,-1.9053,-1.6725,-1.9622,-2.3826,0.046578,1276
1801,1.001,-1.6503,-2.023,-2.149,1.001,-2.3785,0.039234,69
5836,0,-1.7358,0,0,-1.9929,-2.3777,0.032703,1644
3305,-1.001,-1.7256,-2.1095,-1.7984,-1.6008,-2.3757,0.056166,363
4334,1.001,-1.9075,-2.2898,-1.5595,-2.0872,-2.3747,0.07459,892
3340,0.79909,-1.9598,-2.0709,-2.1301,-2.3026,-2.3738,0.079914,398
5727,0,-1.4057,-1.8109,-1.981,-1.8526,-2.3733,0.050496,1585
3836,0,-1.5586,-2.1916,-1.6954,-2.0661,-2.3708,0.04241,644
4624,0.56735,-1.791,-1.9285,-1.8674,-2.002,-2.3667,0.084405,1032
4025,0,-1.662,-1.9159,-1.001,-1.4136,-2.3647,0.029709,733
4721,0,-2.1021,-2.3179,-1.6617,1.001,-2.3634,0.041638,1079
4310,0,-1.001,-1.5266,-2.1957,-1.367,-2.3586,0.045739,868
3234,0,-1.001,-1.7149,-1.001,-1.6094,-2.3572,0.028174,342
4646,-1.001,1.001,-1.2669,-1.7238,-1.001,-2.3567,0.040906,1054
3524,1.001,-1.7036,-1.6057,-1.3519,-1.7064,-2.3553,0.036588,482
2810,0,-2.346,-1.001,-1.9192,1.001,-2.3536,0.038491,118
3446,0,-1.5098,-0.60933,-2.3244,-1.2741,-2.351,0.055381,454
3701,0,-2.2344,-2.051,-1.7533,-1.2345,-2.351,0.035529,559
5215,0,-1.41,-1.8807,-1.4166,-1.4133,-2.3507,0.022916,1323
5610,0,-1.001,-1.3778,-1.3894,-1.4091,-2.3486,0.017967,1518
5012,0,-0.49499,-1.8222,-1.3977,-1.001,-2.3443,0.029528,1220
3315,0,-1.3193,-1.5603,-1.7323,-1.6644,-2.3431,0.063243,373
4524,0,-1.001,0,-1.4166,-1.667,-2.3411,0.019803,982
3202,0,-1.9727,-1.001,-1.001,-1.4117,-2.3411,0.040501,310
4322,0,-1.3861,-1.7056,-1.4038,-1.2742,-2.3362,0.030694,880
4213,0,0,-1.7233,-1.9341,-1.001,-2.3336,0.032411,821
5820,0,-2.3644,-1.7005,-1.001,-1.9754,-2.3321,0.038714,1628
5040,0,-1.2836,-0.79886,-1.7369,-1.4149,-2.3294,0.037663,1248
3048,0,-1.732,-1.3441,-2.3876,-1.668,-2.3229,0.052765,256
3717,0,-1.4144,-1.5865,-2.0103,-1.9539,-2.3219,0.047694,575
1803,-1.001,-1.9624,-1.8853,-2.0317,-2.24,-2.319,0.055481,71
5521,0,-1.7472,-1.3153,0,-1.7363,-2.3076,0.02902,1479
3114,0,1.001,-2.3173,-1.8616,0,-2.3068,0.033954,272
5520,0,-1.3005,-1.6607,-2.4807,-1.3942,-2.3052,0.039061,1478
4528,0,-2.2039,-2.2596,-1.3923,-2.1286,-2.3019,0.056255,986
3124,0,-1.3947,-1.8955,-1.3115,-1.3,-2.3006,0.046987,282
5112,-1.001,-1.0781,-2.3131,-1.6569,-2.4517,-2.2984,0.046817,1270
3517,0.34936,-1.8843,-1.6374,-1.7355,-1.678,-2.2983,0.036111,475
5801,1.4171,-1.3441,-2.1303,-1.8659,-2.2861,-2.2976,0.052681,1609
3113,0,-1.2768,-1.001,-1.8401,-1.7191,-2.294,0.042465,271
3936,-1.001,-1.6406,-1.5251,-1.9726,-1.7369,-2.2935,0.046892,694
3516,0,-1.8094,-1.001,-2.2109,-1.9249,-2.293,0.037071,474
3317,0,-2.0021,-1.9465,-1.6513,-1.9874,-2.2914,0.043441,375
5633,0,-1.001,-2.0449,-1.2859,-1.4117,-2.2914,0.034402,1541
703,0,-1.7608,-1.9899,-2.1794,-1.6709,-2.2913,0.04264,27
4741,1.001,-2.1928,-1.5627,-1.3193,-1.3861,-2.2829,0.058005,1099
5816,0,-1.5332,-2.0009,-1.8634,-2.005,-2.2828,0.03879,1624
5717,0,-2.1012,-1.6311,-1.4124,-2.118,-2.2781,0.031285,1575
5709,1.001,-1.3441,0,-1.3767,-2.1569,-2.2766,0.041053,1567
4627,0,-1.5975,-1.4104,-1.001,-1.7078,-2.2754,0.024062,1035
2822,0,-1.6494,-1.6721,-0.6633,-1.4167,-2.2743,0.035559,130
904,0,-1.4165,-1.9388,0.40933,-1.7287,-2.2718,0.039382,36
4344,-1.001,-1.6831,-1.3441,-2.2928,-1.915,-2.2661,0.061277,902
4521,0,-1.2834,-1.6154,-1.7795,-1.7162,-2.264,0.047113,979
3645,0,-1.797,-1.5578,-1.4945,-1.2768,-2.2618,0.042918,553
3434,0,-1.3623,-0.97082,-2.1401,-1.8926,-2.2611,0.044126,442
5003,0,-1.9131,-1.7197,-1.7189,-1.4491,-2.2608,0.030837,1211
3617,1.001,-2.0201,-1.7818,-1.6757,-1.8375,-2.2608,0.046316,525
3321,0,-2.0275,-1.001,-1.7125,-1.6118,-2.2606,0.041789,379
3629,0,-2.2295,-1.4092,0,-1.7253,-2.2603,0.027767,537
3815,0,-1.8107,-1.4133,-1.5623,-1.6497,-2.26,0.04005,623
3310,1.001,-2.2406,-1.4166,-1.3181,-1.8324,-2.2599,0.040597,368
3146,0,-1.7766,-1.8758,-1.8587,-1.7883,-2.2596,0.051657,304
5108,-1.001,-1.001,-2.5217,-0.87452,-1.001,-2.2573,0.1148,1266
3130,1.001,-1.6037,-1.7313,-1.6291,-1.6262,-2.2553,0.036331,288
5546,0,-2.1477,-1.001,-1.5931,-2.0212,-2.2541,0.046299,1504
5209,-1.001,-0.71656,-1.001,-1.3746,-1.3599,-2.2498,0.070219,1317
5509,0,-1.001,-1.001,-1.7622,-2.1355,-2.2487,0.040832,1467
3211,0,-1.4171,-1.4171,0,-1.001,-2.2467,0.027612,319
4005,0,-1.3593,0,-0.65041,-1.001,-2.2457,0.017111,713
1002,0,-1.001,-1.4028,0,-1.4001,-2.2444,0.030209,38
3607,0.2555,-1.2456,-1.7352,-2.1127,0.25753,-2.244,0.054181,515
4706,1.001,-2.2321,-2.0796,-1.9927,-0.79337,-2.2435,0.049594,1064
3549,0,-1.631,-2.1724,-1.8659,-1.5583,-2.2412,0.044266,507
4732,0,-2.1695,-1.7054,-2.2014,-1.9289,-2.241,0.075484,1090
4142,-1.001,-1.001,-1.4171,-1.4171,-1.3712,-2.2377,0.058113,800
5418,0,-1.001,-1.001,-1.4015,-1.9222,-2.2373,0.034144,1426
1601,1.001,-1.9985,-1.4055,-1.4171,-1.3137,-2.2362,0.060585,61
5507,-1.001,-1.7241,-1.9129,-1.4136,-1.4171,-2.2347,0.038068,1465
4435,0,-1.9016,-1.6373,-1.8583,-1.917,-2.2337,0.037001,943
4010,1.001,-1.9868,-2.1806,-0.90215,-1.5779,-2.2328,0.07146,718
3748,0,-1.3021,0,-1.4817,-1.4097,-2.2327,0.018826,606
3620,0,-1.4166,-1.4159,-1.7626,-1.001,-2.2322,0.045427,528
2835,0,-1.8498,-1.9683,-1.3851,-1.7779,-2.2297,0.03988,143
3246,0,-2.2006,-1.928,-2.0906,-1.3441,-2.2263,0.055224,354
5607,0,-1.3792,-1.2448,-0.35995,-1.656,-2.2262,0.034735,1515
5601,0,-1.6222,-1.9826,-1.001,-1.6102,-2.2247,0.049561,1509
5448,0,-2.103,-1.5716,-1.7193,-1.605,-2.2242,0.036389,1456
3445,0,-1.2145,-2.1525,-2.0731,-1.9112,-2.223,0.041549,453
3210,0,-1.9765,-1.2195,-1.2109,-1.6909,-2.2216,0.047755,318
4412,0,0,-1.6404,0,-1.4933,-2.2207,0.034114,920
5442,1.001,-1.3058,-2.1153,-1.8955,-1.8516,-2.2196,0.080268,1450
5832,0,-1.001,-1.5923,-1.6916,-1.336,-2.2192,0.031601,1640
5038,1.001,-1.893,-1.9836,-2.071,-1.384,-2.2191,0.045122,1246
3225,0,-1.8381,-1.3871,-1.9315,-1.6172,-2.2181,0.043835,333
4206,-1.001,-1.001,-2.1727,-1.2785,-1.3644,-2.2151,0.067141,814
803,0,-1.6857,-1.4166,-2.1346,-1.9836,-2.2145,0.049752,31
3833,1.001,-1.2915,-1.4167,-1.7245,-1.4055,-2.2082,0.05296,641
5129,0,-2.2857,-0.88855,-1.9755,-1.7298,-2.2059,0.046938,1287
5830,0,-1.898,0,-1.8434,-1.001,-2.2026,0.032156,1638
5705,0,-2.0711,-1.7209,-1.1985,-1.6583,-2.2025,0.033128,1563
3333,0,-2.2321,-1.5898,-1.5904,-1.001,-2.2019,0.04346,391
4618,0,-1.8613,-1.9348,-1.3513,-1.5721,-2.2016,0.04598,1026
2926,0,-1.7359,-1.7337,-1.001,-1.3,-2.2006,0.03736,184
3228,0,-1.9611,-1.4142,-1.9638,-1.4158,-2.1985,0.039842,336
5514,0,-1.6254,-1.001,-1.2188,-1.9495,-2.1981,0.046079,1472
5417,0,-1.9863,-1.4904,-0.51639,-2.1041,-2.1974,0.050558,1425
2944,0,-1.4069,0,-1.902,-1.4077,-2.1963,0.051235,202
3127,0,-1.756,-1.658,-1.417,-2.0001,-2.196,0.04694,285
3311,0,-1.4066,-1.9879,-2.005,-1.2274,-2.1922,0.038982,369
3122,0,-1.7714,-1.6806,-1.3441,-1.6705,-2.1902,0.049148,280
3135,0,-1.3614,0.094073,-1.4171,-1.5923,-2.1873,0.031582,293
5524,0,-1.7376,-1.983,-1.5876,-1.001,-2.1819,0.047555,1482
4208,0,-1.3441,-1.249,-1.5498,-1.878,-2.1803,0.050444,816
2702,1.001,-1.001,-1.7807,-1.3996,-1.9878,-2.175,0.053811,106
5834,0,-1.6776,-2.0064,-1.8103,-1.9681,-2.1746,0.050448,1642
5301,0,-1.3256,-1.001,-1.5958,-1.4168,-2.1732,0.027706,1359
3414,0,-1.8701,-1.6524,-0.22724,-1.6557,-2.1706,0.022627,422
503,0,-1.6088,-1.9162,-1.2986,-1.5907,-2.1669,0.049284,19
4740,0,-1.5507,-2.1067,-2.2968,-1.7041,-2.1656,0.11359,1098
3501,1.001,-1.5356,-1.8134,-1.5272,-1.6623,-2.1647,0.041748,459
3813,0,-1.001,-1.2471,-1.3954,-1.7302,-2.1626,0.030225,621
3610,0,-1.723,-1.3193,-1.911,-2.1513,-2.1619,0.043487,518
3832,-1.001,-1.2048,-1.7018,-1.001,-1.001,-2.1613,0.024789,640
4637,1.001,-1.8618,-2.6119,-1.9493,-1.7251,-2.1595,0.095708,1045
3231,-1.001,-2.1117,-1.6681,-1.9016,-1.9101,-2.1578,0.076382,339
2301,0,-1.001,-1.7242,-1.9321,-1.404,-2.1578,0.037021,89
5619,1.001,-1.4164,-1.7029,-1.8598,-1.7003,-2.1577,0.046425,1527
4422,-1.001,-1.4154,-1.001,-1.3141,-1.5377,-2.1562,0.035714,930
5701,0.1712,-1.6574,0,-1.7368,-1.737,-2.1553,0.065516,1559
5048,0,-1.8576,-1.001,-1.6219,-1.716,-2.155,0.053321,1256
4012,-1.001,-1.3992,-1.001,-1.3954,-1.001,-2.1514,0.031927,720
3503,-1.001,-1.9399,-1.8566,-1.6229,-1.9209,-2.1491,0.14492,461
5648,1.4051,-1.8243,-2.2729,-1.6727,-1.9147,-2.148,0.074214,1556
4340,0,0,-1.001,-1.001,-1.9877,-2.1469,0.024113,898
3504,1.4156,-2.3254,-1.9952,-1.001,-1.6248,-2.1463,0.057097,462
3348,0,-1.5922,-1.999,-1.4146,-1.7302,-2.146,0.031928,406
4608,0.73559,-2.1459,-1.9624,-1.52,-1.8547,-2.1443,0.055502,1016
4205,1.001,-1.7273,-1.6174,-0.15618,-2.0992,-2.1388,0.040557,813
3806,0,-1.3941,-1.001,-1.6791,0,-2.137,0.025652,614
3413,0,-1.9644,-1.9309,-1.6538,-1.8176,-2.1369,0.045889,421
4027,1.001,-1.1994,-1.7317,-1.6404,-1.6765,-2.1368,0.041551,735
5833,0,-1.4133,-1.5661,0,-1.4139,-2.1362,0.023297,1641
3529,0,-1.4156,-1.9226,-1.001,-0.031419,-2.1355,0.027956,487
4644,0,-1.3927,-1.5305,-1.001,-1.4144,-2.1322,0.053495,1052
3635,0,-1.001,0,-1.7359,-1.625,-2.1321,0.029454,543
4517,1.001,-1.336,0,-1.3917,-2.0866,-2.1313,0.047275,975
4312,0,-1.001,-1.9335,-1.001,-2.0004,-2.1309,0.038388,870
3307,1.4171,-1.6037,-1.5701,-1.671,-1.4265,-2.1305,0.079629,365
5222,0,-1.4028,-1.714,-1.001,0,-2.1284,0.024844,1330
4701,0,-1.9873,-1.5922,-2.1036,-1.6001,-2.1273,0.056652,1059
3716,0,-1.3168,-1.4117,-1.001,-1.001,-2.1264,0.020431,574
4614,1.3806,-1.6346,-1.9533,-2.0091,-1.7915,-2.1257,0.053142,1022
3331,0,-1.2986,-1.5752,-2.0819,-1.4785,-2.1254,0.050706,389
4530,0,-1.001,-1.3679,-1.001,-1.001,-2.1254,0.021708,988
3206,0,-1.7166,-1.7334,-2.192,-1.2297,-2.1241,0.037936,314
4420,0,-1.7244,-2.1867,-1.6106,-1.5214,-2.1231,0.037935,928
3129,0,-1.4945,-2.3095,-1.5826,-1.4156,-2.1223,0.035472,287
5145,0,0,-1.7316,-1.4161,-1.41,-2.1219,0.029488,1303
2304,0,-1.5374,-2.1253,-1.7318,-1.5992,-2.1198,0.048373,92
4720,0,-1.4028,-1.6492,-1.3614,-1.4046,-2.1167,0.029541,1078
4737,0,-1.8228,-1.6964,-1.8191,-1.5849,-2.1133,0.034224,1095
4602,1.001,-1.5247,-1.5509,-1.5615,-1.7344,-2.112,0.048575,1010
2936,0,-1.7218,-1.6702,0,0,-2.1106,0.019037,194
3820,0,-1.3986,-1.001,0,-1.726,-2.1099,0.021672,628
5527,0,-1.8651,0,-1.001,0,-2.1095,0.02189,1485
3534,0,-1.6494,-1.001,-1.001,-1.713,-2.1092,0.029344,492
3017,0,-2.3805,0,1.001,-1.4166,-2.1074,0.01789,225
3714,0,-1.001,-1.001,-1.4133,-1.3871,-2.1061,0.023362,572
2831,0.20979,-1.7359,-1.609,-1.6998,-1.001,-2.1059,0.03297,139
3306,0,-1.6356,-1.7797,-1.8839,-1.7354,-2.1052,0.042878,364
5723,0,-1.3763,-1.001,-1.9335,-1.001,-2.1039,0.038018,1581
5731,0,-1.001,-1.6794,-1.4159,0,-2.1037,0.027907,1589
5638,0,-1.7275,-1.942,-1.336,-1.7949,-2.0982,0.053346,1546
4636,0,0,-1.5674,-1.001,-1.001,-2.098,0.022593,1044
4046,-1.001,-1.7273,-1.001,-1.001,-1.4091,-2.098,0.03834,754
1501,0,-1.6776,-1.001,-1.3933,-1.6439,-2.0978,0.024809,57
4620,-1.001,1.001,-1.3861,-1.6378,-1.3986,-2.0966,0.03067,1028
5827,0,-2.0949,-1.2004,-1.8326,-1.7327,-2.0949,0.041113,1635
2925,0,-1.4156,-1.5121,0,-1.4171,-2.0948,0.031227,183
3339,0,-1.4121,-1.001,-1.5686,-1.9957,-2.0948,0.027048,397
5634,0,-1.5353,-1.001,-2.3869,-1.4149,-2.0941,0.059541,1542
4032,0,-1.5538,-1.4075,-1.3829,-1.001,-2.0936,0.031606,740
3739,0.69939,-1.6932,-1.4083,-1.3441,-1.2318,-2.0936,0.095293,597
3608,-0.067268,-1.8204,-1.8394,-1.8508,-1.9249,-2.0933,0.049543,516
3227,0,-2.2353,-0.99455,-1.8535,-1.001,-2.0931,0.055343,335
4318,0,0,-1.4112,-1.6698,-1.3441,-2.0916,0.026458,876
5846,0,-1.6492,-1.8836,-1.6101,-1.001,-2.0894,0.03809,1654
5443,0,-1.4166,-1.3441,-1.3792,-1.001,-2.0876,0.030923,1451
4424,1.4154,-1.6795,-1.6088,-1.943,-1.8391,-2.0863,0.076178,932
5621,1.001,-1.7226,-1.9491,-1.001,-1.726,-2.0849,0.036073,1529
4421,0,-1.5275,-2.0127,-1.5115,-1.9932,-2.0836,0.045677,929
3020,1.001,-1.8706,-2.212,-1.8766,-1.2828,-2.082,0.051738,228
3123,0,-1.001,-1.001,-1.9108,0,-2.08,0.018619,281
5628,0,-1.7332,-1.9655,-1.6925,0,-2.0795,0.038752,1536
3721,0,-0.85342,-1.3992,-1.49,-1.001,-2.0785,0.049766,579
1903,0,-1.7025,-2.003,-1.9748,0,-2.0778,0.033835,75
3745,0,-1.4144,-1.4028,-1.3273,-1.4151,-2.0771,0.06806,603
3849,1.001,-1.6807,-1.6801,-2.2322,-1.8902,-2.0763,0.036474,657
4635,0,-1.3745,-2.0441,-1.6797,-1.6343,-2.0736,0.056056,1043
1102,0,-1.4156,-2.1485,0.055504,-1.001,-2.0733,0.035933,42
4742,0,-1.001,-1.3536,-1.6675,-1.001,-2.0731,0.030926,1100
3118,0,-1.001,-0.038208,-1.0049,-2.158,-2.0714,0.030177,276
5446,0,-1.001,-1.001,-1.4149,-1.8978,-2.0703,0.025861,1454
5504,1.001,-1.3968,-1.8274,-1.7359,-0.97545,-2.0697,0.049378,1462
602,0,0,-0.39911,-1.7249,-1.652,-2.0697,0.024869,22
3520,0,-2.0013,1.001,-1.3861,-2.1805,-2.0681,0.025097,478
4408,1.001,-1.6523,-1.7553,-1.001,-1.3508,-2.067,0.034888,916
5046,0,-1.2669,-1.001,-1.001,-1.7211,-2.0668,0.037434,1254
3139,1.001,-1.001,-1.4121,-1.2471,-1.65,-2.0651,0.049762,297
5444,0,-1.6664,-1.3441,-1.5247,0,-2.0648,0.033041,1452
2912,0,-1.2915,-1.4157,-1.001,-1.7141,-2.0636,0.029929,170
5011,0,-1.4154,-1.6164,-1.9116,-1.3352,-2.0634,0.028337,1219
5227,-1.001,-1.4157,-1.4171,-1.3256,-1.001,-2.0597,0.025685,1335
5522,0,-1.7334,-1.1492,-1.9822,-2.2308,-2.0592,0.038963,1480
4511,1.001,-1.8114,-2.1446,-1.4159,-1.518,-2.0581,0.05093,969
5050,0,-1.8012,-1.3599,-1.4171,-1.7858,-2.0554,0.047448,1258
5111,0,-1.5923,-1.5947,0,-1.3039,-2.0513,0.022134,1269
3932,1.001,-1.7358,-1.5721,-1.001,-2.1537,-2.0507,0.038435,690
2820,-1.001,-1.732,-1.3441,-1.9574,-1.2751,-2.046,0.034577,128
3920,0,-1.4139,-1.8475,-1.8325,-1.8016,-2.0448,0.04407,678
1304,0,-1.4103,-1.6038,-1.8802,-1.3989,-2.0433,0.042025,52
3313,1.001,-1.5575,-2.139,-1.4171,-1.6362,-2.0405,0.07705,371
2604,1.001,-1.2283,-1.7243,-1.7878,-1.753,-2.0394,0.046529,104
5004,-1.001,-1.4106,-1.6201,-1.4015,-1.8332,-2.0393,0.041858,1212
3224,0,0,-1.7258,-1.8772,-1.7264,-2.0365,0.039024,332
4119,0,0,-1.9459,-1.2471,-1.7279,-2.0351,0.021458,777
2935,0,-1.6633,-1.6309,0,-1.4139,-2.0343,0.024559,193
3001,0,-1.9688,-1.5627,-1.6778,-1.6848,-2.0322,0.047141,209
5221,0,-1.001,-1.5835,-1.7963,-1.001,-2.0298,0.024729,1329
5228,0,-1.9674,-1.4103,0,-1.001,-2.0283,0.044525,1336
3033,0,-1.6232,-1.3531,-1.7778,-1.4236,-2.0283,0.039951,241
2824,0,-1.6784,-1.6097,-1.7384,-1.2965,-2.0269,0.050924,132
3103,1.3181,-2.4832,-1.6436,-1.4154,-0.74205,-2.0265,0.14251,261
2844,0.94299,-2.2581,-1.5863,-1.6258,-1.7778,-2.026,0.086451,152
3821,0,0.030083,0,-1.001,-1.9281,-2.0233,0.024939,629
3420,0,-2.0078,-1.5237,-1.8691,-1.3593,-2.0214,0.050804,428
3532,0,-1.4625,-1.9063,-1.2018,-1.6,-2.0189,0.034664,490
4719,0,-1.8726,-1.7059,-1.3602,-1.84,-2.0187,0.042092,1077
3126,0,-1.001,-1.001,-1.6259,-1.7898,-2.018,0.030654,284
4224,0,-1.001,-0.64713,-1.7233,-0.673,-2.0167,0.021005,832
5447,-1.001,-1.2872,-1.001,-1.001,-1.3203,-2.0156,0.035128,1455
3633,1.4136,-1.352,-1.5562,-1.2624,-2.1128,-2.0147,0.047234,541
5435,0,-1.3352,-2.1176,-1.5669,-1.7144,-2.0134,0.034379,1443
4713,1.001,-1.5031,-1.942,-1.4166,-1.6649,-2.0127,0.034741,1071
2402,-1.001,-1.2015,-1.625,-1.9704,-1.2419,-2.0122,0.049293,94
5511,0,-1.7266,-1.001,-1.924,-1.2361,-2.0104,0.031759,1469
3148,0,-1.6374,-1.5844,-1.7441,-2.0075,-2.0096,0.041392,306
4529,1.001,-1.0331,-1.1401,-1.8049,-1.1681,-2.0091,0.042292,987
4333,0,-1.4028,0,-1.7106,-1.7162,-2.0087,0.021437,891
2001,0,0,-1.001,0,-1.7295,-2.0067,0.015337,77
3805,0,-1.6652,-1.001,-1.4028,-1.6309,-2.0065,0.035744,613
3207,0,-1.7053,0,0,-1.001,-2.0063,0.017996,315
3818,0,-1.001,0,-1.7247,0.17542,-2.0063,0.03385,626
3630,0,-1.4168,-1.001,0,-1.001,-2.006,0.020419,538
5631,1.001,-2.1582,-1.1315,-1.3441,0,-2.0052,0.044491,1539
2814,0,-1.724,-1.4167,-1.7258,-1.6903,-2.0047,0.040342,122
4314,0,-1.4144,0,0,-1.4168,-2.0045,0.025135,872
5125,0,0,0,0,-1.9856,-2.0041,0.016525,1283
5015,0,-1.6549,-2.076,-1.3928,-1.001,-2.0037,0.028136,1223
2002,0,0,0,-1.4133,-1.4117,-2.003,0.024772,78
3346,0,-1.7761,-1.3193,-1.001,-1.734,-2.0025,0.035542,404
5110,0,-1.5717,-1.001,-1.8692,-1.9209,-2.0018,0.029274,1268
3247,0,-1.9834,-1.001,-1.6539,0,-2.0012,0.072858,355
3108,-1.001,-1.001,-1.8666,-1.7237,-1.7288,-1.9969,0.031459,266
604,1.001,-1.001,-1.8335,-1.6317,-1.4171,-1.9953,0.050758,24
5847,1.001,-1.8997,-1.001,-1.4104,-1.3977,-1.9947,0.064213,1655
2401,0,-1.9364,-2.0613,-1.001,-1.199,-1.993,0.038803,93
4628,0,-1.001,-1.001,-1.5645,-1.001,-1.993,0.022363,1036
4328,0,-1.3441,-1.4167,-0.95912,-1.3038,-1.9926,0.034648,886
3410,0,-0.8063,-1.3055,-1.4167,-1.4146,-1.9925,0.037643,418
3428,-1.001,-1.4161,-1.4167,-1.5062,-1.4083,-1.9916,0.040914,436
301,0,-1.6491,-1.7428,-1.6898,0,-1.9899,0.035078,9
4735,0,-1.4555,-1.2297,-1.4151,-1.6637,-1.9899,0.028809,1093
1004,0,-1.2978,-1.1822,-1.6401,-1.6466,-1.9896,0.037794,40
3119,0,-1.5191,-1.001,0.030083,-1.2669,-1.9866,0.03593,277
4707,-1.001,-1.4168,-1.4097,0,-1.6545,-1.9862,0.030708,1065
5707,0,0,-1.3038,-1.9858,-1.001,-1.9855,0.042745,1565
3743,0,-2.0033,-1.3702,-1.001,-1.6251,-1.9849,0.026738,601
5807,1.333,-2.1558,-1.9046,-1.9018,-1.9022,-1.9847,0.07632,1615
4705,0,-1.3656,-1.6102,-2.2342,-1.001,-1.9842,0.035136,1063
3221,0,-1.4069,-1.4963,-1.001,-1.6762,-1.9816,0.046016,329
3032,0,-1.4151,-0.99439,-1.6251,-1.9802,-1.9791,0.032043,240
2927,0,-1.001,-1.2751,-1.3441,-1.4015,-1.9753,0.026308,185
3918,0,-1.001,-1.9625,-1.2062,-1.389,-1.9746,0.029706,676
4413,0,-1.6715,-1.7093,-1.001,-1.3947,-1.9746,0.05146,921
303,-1.001,-1.6662,-1.6742,-1.744,-1.6239,-1.9737,0.04517,11
2920,-1.001,-1.5667,-1.001,-1.2345,-1.566,-1.9729,0.035617,178
2845,0,0,-1.7264,-1.001,-1.671,-1.9729,0.040217,153
3136,0,-2.1125,-1.4547,0,-1.001,-1.972,0.03343,294
3314,0,-1.9727,-1.438,-1.3806,-1.431,-1.9713,0.043026,372
2924,1.001,-1.8678,-1.3846,0,-1.7302,-1.9712,0.054035,182
1603,-1.3021,-1.001,-1.4061,-1.5797,-1.2372,-1.9692,0.042402,63
5201,0.79752,-2.457,-1.063,-1.2587,-2.2302,-1.9691,0.19446,1309
3326,0,-1.6938,-1.3718,-1.4171,-1.3081,-1.9673,0.022328,384
4232,1.001,-1.3892,-1.4157,-1.001,-1.5744,-1.9666,0.031953,840
3911,0,-1.4133,-1.3788,-1.4167,0,-1.9658,0.037537,669
5517,0,-1.8325,-1.4151,-1.7291,-1.001,-1.965,0.030156,1475
1702,1.001,-2.1574,-1.4251,-1.5946,-1.2194,-1.9649,0.035606,66
5135,0,-1.7366,-1.3806,-1.4168,-1.7337,-1.9639,0.034952,1293
5005,0,-1.5126,-1.4171,1.001,-1.6908,-1.9623,0.02285,1213
3309,0,-1.336,-1.3894,-1.4028,-1.001,-1.9618,0.028559,367
4650,1.7359,-1.6691,-1.001,-2.4392,-1.559,-1.9617,0.097459,1058
4345,0,-1.6313,-1.6343,-1.5821,-1.5863,-1.9612,0.03831,903
3715,-1.001,-1.3523,-1.5784,-1.001,-1.0824,-1.9609,0.03756,573
4537,0.06143,-1.6831,-1.7231,-1.3789,-1.6009,-1.9596,0.092222,995
4008,0,-1.4144,-1.8028,-1.5476,-1.001,-1.9594,0.055956,716
5645,0,-1.4048,-1.3441,-1.001,-1.3734,-1.9582,0.025531,1553
3005,1.001,-1.5411,-1.001,-1.7253,-2.0024,-1.9581,0.046568,213
5032,0,-1.4139,-1.3273,0,-1.001,-1.9546,0.029015,1240
5726,0,-1.4157,-1.3287,-1.001,-1.001,-1.9524,0.028811,1584
3044,0.086423,0,-1.7182,-1.9732,-1.4167,-1.9521,0.063722,252
2905,0,-1.6111,-1.3363,-1.2577,-1.5823,-1.9517,0.038326,163
3720,0,-1.4167,-1.001,-1.6611,-1.7361,-1.951,0.02209,578
2813,1.001,-1.6429,-1.8279,-1.5439,-1.8027,-1.948,0.039622,121
4212,0,-1.001,0,-1.001,-1.8814,-1.9477,0.013987,820
2806,1.001,-1.001,-1.8598,-1.3314,-2.0597,-1.9472,0.048344,114
4050,1.001,-1.001,-1.6657,-1.7339,-1.7269,-1.9461,0.059466,758
5218,-1.001,0,-1.5943,-1.001,-1.001,-1.9437,0.033793,1326
3329,1.001,-1.5184,-2.1537,-1.6535,-1.7247,-1.9414,0.04713,387
3417,0,-1.001,-1.5717,-1.001,-1.001,-1.9408,0.029053,425
2404,-1.001,-1.8461,-1.7205,-1.8301,-1.6182,-1.9407,0.057727,96
4228,0,-0.63116,0,-1.3193,-1.9781,-1.9393,0.024493,836
3029,1.001,-1.4112,-1.4133,-1.6915,-1.001,-1.9392,0.035534,237
5805,0,-1.6975,1.001,-1.8277,-1.4167,-1.9377,0.021228,1613
4106,0,-1.4038,-1.3825,-1.615,-1.4139,-1.9367,0.03333,764
3101,0,-1.6399,-2.2708,-1.001,-1.6713,-1.9354,0.038097,259
4104,-1.001,-1.8162,-1.9939,-1.4048,-1.792,-1.9329,0.031509,762
3618,0,-1.5242,-1.7299,-1.4083,-1.9876,-1.9324,0.037464,526
5120,1.001,-1.6701,-0.81204,-1.001,-1.001,-1.9299,0.047917,1278
2703,0,-1.4144,0,-1.4167,-1.001,-1.9282,0.018049,107
4222,0,-1.001,-1.7033,-1.6255,-1.3571,-1.9277,0.032337,830
4418,0,-1.4072,-1.6665,-1.3363,-1.001,-1.9255,0.024388,926
5131,0,-1.6786,0,-1.4167,-1.8831,-1.9253,0.034053,1289
5114,0,-1.9979,-1.9061,-1.0108,-1.7351,-1.924,0.035512,1272
5735,0,0,-1.3977,-1.001,-1.4168,-1.9233,0.017059,1593
5722,0,0,-1.3099,-1.001,-1.8934,-1.9232,0.031944,1580
3030,0,-1.7091,0,-1.001,-1.4159,-1.9229,0.017817,238
4226,0,-1.4166,-1.4117,0,-1.4171,-1.9224,0.027741,834
5027,0,-1.7373,-1.2069,0,-1.4121,-1.9222,0.021799,1235
2603,1.001,-2.4045,-1.6381,-1.001,-1.4156,-1.9215,0.041471,103
3706,1.7659,-1.2712,-1.2995,-2.2036,-1.7312,-1.9188,0.2537,564
4510,0,-1.4158,-1.5721,-2.0459,-1.825,-1.9177,0.042409,968
903,0,-1.001,0,0,-1.6373,-1.9166,0.011473,35
3938,1.001,-1.5431,-1.4161,-1.3746,-1.5511,-1.9141,0.044045,696
3023,0,0,-1.4165,-1.3129,-1.001,-1.9139,0.025147,231
4532,0,-1.001,-1.2758,-1.3505,-1.2188,-1.9136,0.022087,990
5712,0,-1.8308,-1.8703,-1.4112,-1.5207,-1.9129,0.039022,1570
3834,0,0,-1.6117,-1.2789,-1.001,-1.9107,0.016531,642
3914,-1.001,0,-1.4167,0,-1.6907,-1.9102,0.021279,672
3141,0,-2.0571,-1.9052,-1.001,-1.7234,-1.9088,0.03645,299
4029,0,-1.001,-1.001,-1.3441,-1.001,-1.9087,0.018836,737
3214,0,-1.4167,-1.7814,-1.001,-1.6866,-1.9084,0.038784,322
3518,0,-1.001,-1.5184,-1.336,0.12804,-1.9082,0.025232,476
3312,0,-1.673,-1.027,-1.3954,-1.6767,-1.9077,0.035168,370
3319,1.001,-1.001,-1.4683,-1.6344,-2.1426,-1.9077,0.043943,377
3220,0,-1.7106,-1.2938,-1.6697,-1.1655,-1.9076,0.038047,328
5134,0,-1.5383,-1.6037,-1.5914,-1.9081,-1.9066,0.040792,1292
5811,0,-1.3021,-1.001,0,-1.001,-1.9053,0.018049,1619
3948,1.001,-1.6703,-2.252,-1.4168,-1.0016,-1.9048,0.053498,706
4225,0,-1.4151,-1.001,-1.4171,0,-1.9037,0.014174,833
1101,0,-1.001,-1.001,-0.43141,-1.7181,-1.9034,0.029888,41
2811,0,-1.001,-1.2896,0,-1.3563,-1.9033,0.026736,119
5602,1.001,-1.8332,-1.9491,-1.9859,-1.3249,-1.9025,0.072533,1510
4450,1.3894,-1.4171,-1.6632,-1.4104,-2.3473,-1.9019,0.14887,958
3526,0,-1.3947,-1.4171,-1.001,-1.001,-1.9008,0.017059,484
5212,0,-1.4119,-1.544,-1.577,-1.243,-1.9008,0.035758,1320
4426,-1.001,0,-1.001,-1.001,-1.4013,-1.9004,0.040249,934
3208,0,-1.4171,-1.4066,-1.001,-1.2592,-1.8999,0.023269,316
5730,0,-1.001,-1.4073,-1.4091,-1.6077,-1.8986,0.02971,1588
4039,0,-1.001,-1.001,-1.6989,0,-1.8986,0.015861,747
5714,0,-1.4156,-1.001,-1.3977,0,-1.8981,0.023738,1572
4126,0,-1.8797,1.001,0,-1.001,-1.8955,0.018451,784
3034,0,0,-1.5793,-1.6431,-1.3523,-1.8948,0.033208,242
4536,0,-1.8396,-1.3441,-1.388,-1.6441,-1.8946,0.034633,994
3525,0,-1.4156,-1.6956,-1.001,-1.001,-1.8937,0.025056,483
5721,0,-1.001,-1.3832,0,-1.8174,-1.8932,0.032562,1579
3810,0,-1.5398,-1.7082,-1.6767,-1.3519,-1.891,0.048363,618
5029,0,-1.7019,-1.2862,-2.2237,-1.3679,-1.8909,0.035725,1237
4131,0,-1.001,-1.4157,-1.001,-1.4171,-1.8877,0.04457,789
5306,0,-1.3064,-1.2669,0,-1.001,-1.8872,0.018692,1364
5037,0.067268,-1.001,1.001,-1.4005,-1.4075,-1.887,0.030548,1245
3808,1.001,-1.5745,-1.5895,-1.8447,-1.7078,-1.8867,0.053843,616
5646,0,-1.7305,-1.7349,-1.2145,-1.7784,-1.8854,0.039289,1554
5224,0,-1.404,0,-1.001,-1.4144,-1.8853,0.011108,1332
5605,0,0,-1.4171,-1.336,-1.001,-1.8853,0.021798,1513
2930,0,-1.8178,-1.3656,-1.2419,-0.21505,-1.8849,0.031666,188
4709,0,-1.001,-1.001,-1.3347,0.067268,-1.8842,0.035276,1067
3449,0,-1.001,0,-1.3554,-1.4117,-1.8834,0.016585,457
4145,0,-1.4083,-0.48331,-1.984,-1.2754,-1.8833,0.036254,803
3735,0,-1.3669,-1.5718,0,-1.001,-1.8832,0.029536,593
3734,0,-1.001,-1.001,-1.001,-1.41,-1.8826,0.029134,592
5747,-1.001,-1.7302,-1.4008,-1.001,0,-1.8806,0.047968,1605
5337,0,-1.001,-1.001,-1.3441,-1.3265,-1.8794,0.021217,1395
3301,0,-0.88855,-1.9419,-0.5078,-1.9084,-1.8793,0.067709,359
4137,0,-1.001,-1.4168,-1.5809,-1.6698,-1.8767,0.021036,795
3442,1.001,-1.6951,-1.2512,-1.9677,-1.9251,-1.8767,0.065384,450
5819,1.001,0,-1.5231,-1.4167,-0.80694,-1.8751,0.031165,1627
3147,1.5945,-2.0207,-1.6209,-2.0488,-2.3124,-1.8737,0.18529,305
3008,0,0,-1.001,-1.7947,-1.2868,-1.8713,0.031538,216
5812,0,-1.5039,-1.3727,-1.001,-1.5763,-1.8709,0.031581,1620
4634,0,-1.7154,-1.2208,-1.8424,-1.3294,-1.87,0.038007,1042
3812,1.001,-1.3606,-1.4165,-1.8707,-1.6233,-1.8699,0.034021,620
5121,0,-1.3606,-1.3968,-1.001,-1.3722,-1.8685,0.015385,1279
4437,-0.75969,-1.001,-1.371,-1.3265,-0.33429,-1.8672,0.038292,945
3826,0,-1.223,-1.3941,-1.3792,-1.3519,-1.8666,0.026227,634
4715,0.090086,-2.2165,-1.396,-1.3372,-1.8165,-1.8646,0.045751,1073
4725,0,-1.6921,-2.3876,-0.79524,-1.6614,-1.8644,0.042701,1083
603,1.001,-1.9079,-1.6185,-1.6306,-1.8929,-1.8642,0.068543,23
5627,1.001,-1.001,-1.6907,-1.7061,-1.2589,-1.8639,0.06895,1535
3304,1.001,-1.546,-1.5683,-1.7158,-1.4125,-1.8629,0.071336,362
3026,0,-1.4129,-1.3939,-2.1507,-1.3599,-1.8621,0.04813,234
3412,0,-1.001,0,-1.001,-1.7129,-1.8603,0.026571,420
4717,-1.001,0,-1.4171,-1.6964,-1.7091,-1.8593,0.029154,1075
4633,0,0,-1.6883,-1.7356,-1.4129,-1.8581,0.040844,1041
5143,-1.001,-1.2846,-1.2069,-1.1858,-1.7053,-1.858,0.076924,1301
2828,0,-1.6583,-2.1869,-1.3375,-1.4887,-1.8546,0.038703,136
3544,0,-1.4252,-1.4171,-1.8924,-1.001,-1.854,0.034993,502
4040,0,-1.4125,-1.001,-1.678,-1.2926,-1.8532,0.022797,748
4648,0,-1.7147,-1.4125,-1.426,-1.3609,-1.8528,0.032881,1056
4203,0,-1.001,-1.001,-1.3996,-1.7211,-1.8513,0.017852,811
4519,0,-1.9561,-1.2193,-1.6806,-1.001,-1.8494,0.045415,977
3722,1.001,-2.1912,-1.001,0,0,-1.8464,0.039656,580
5612,0,-1.4167,-1.1655,-1.3894,-1.2471,-1.8444,0.030013,1520
5001,1.001,0,-1.001,-2.1213,-1.001,-1.8443,0.038137,1209
5728,1.001,-1.7235,0,-1.3372,-1.4139,-1.8441,0.022832,1586
3702,0,-0.62272,-1.5195,-1.7237,-1.4098,-1.8436,0.031415,560
4704,1.3441,-1.2926,-1.727,-2.0043,-2.1505,-1.8403,0.066534,1062
3322,1.001,-1.001,-1.7368,-1.4136,-1.4129,-1.8402,0.023111,380
1301,0,-2.0148,-1.3099,-1.0067,-1.6356,-1.8399,0.036954,49
3547,0,-1.7552,-1.5492,-1.6086,-1.6433,-1.8324,0.034136,505
5526,0,-1.3756,-1.9303,-1.3894,-1.4166,-1.8324,0.038301,1484
3429,0,-1.3223,-1.5138,-1.4129,-1.001,-1.8313,0.032468,437
1401,0,-1.4528,-1.2669,-1.2371,-1.6801,-1.8311,0.027345,53
5236,0,0,-1.3938,-1.6055,-1.001,-1.8307,0.03,1344
5136,0,-0.88568,-1.001,-1.001,-1.961,-1.8307,0.042631,1294
4121,-1.001,-1.001,-1.001,-1.4142,-1.001,-1.8301,0.042149,779
3019,-1.4157,-1.7253,-1.001,0,-1.6479,-1.828,0.033517,227
5013,0,-1.3099,-1.001,-1.001,-1.3894,-1.8262,0.024943,1221
2916,1.001,-1.9084,-1.2018,-1.6645,-1.4042,-1.8259,0.033099,174
3045,1.001,-1.7181,-1.7328,-1.729,-0.85973,-1.8242,0.044961,253
4616,0,-1.6214,-1.4171,-1.7296,0.23802,-1.8234,0.038259,1024
3334,0,-1.6701,-1.001,-1.3441,-1.7264,-1.8215,0.023403,392
5225,0,-1.6897,-1.001,-1.3917,-1.3945,-1.8212,0.030174,1333
4703,0,-1.6998,-1.3941,-1.4048,-0.86235,-1.8174,0.034781,1061
5009,0,-1.41,-1.3986,-1.3996,-1.4153,-1.8167,0.030949,1217
3606,1.001,-1.2669,-1.4117,-1.9215,-1.7033,-1.8159,0.052658,514
4702,0,-1.3678,-1.4171,-1.7064,-1.3064,-1.815,0.025628,1060
4632,-1.4112,-1.5759,-1.3945,-2.2207,-1.001,-1.8133,0.043051,1040
2817,0,-1.5243,-1.001,-1.4151,-1.001,-1.8123,0.039082,125
3902,1.8989,-2.1566,-2.0298,-1.8134,-2.3632,-1.8123,0.21659,660
3325,0,-1.3977,-0.58413,-1.001,-1.4013,-1.8121,0.020013,383
4130,0,-1.001,-1.6077,-1.001,-1.3986,-1.8119,0.021774,788
3002,1.001,-1.6472,-1.001,-1.001,-1.7233,-1.8116,0.058452,210
5006,0,0,-1.9586,-1.4168,-1.3586,-1.8108,0.017306,1214
3612,0,-1.3971,-1.001,-1.7332,-1.4106,-1.8101,0.046718,520
5429,0,-1.4112,-1.4156,-1.6786,-1.001,-1.8099,0.027344,1437
3731,0,-1.4171,-1.001,-1.6915,-1.4106,-1.8095,0.024992,589
4011,0.29137,-1.001,-1.2954,-1.2471,-0.63271,-1.8086,0.038355,719
4535,0,0,-1.4882,-0.72334,-1.4171,-1.8068,0.033433,993
2921,0,-1.5184,-1.3722,-1.5366,-1.6249,-1.8061,0.054151,179
4019,0,-1.001,-1.4121,-1.2216,-1.88,-1.8059,0.040565,727
2003,0,-1.2145,-1.3116,-1.2075,-1.9198,-1.8059,0.042625,79
4425,0,-1.189,-1.001,-1.333,-1.3947,-1.805,0.023401,933
5704,0,-1.8791,0,-1.5718,-1.5747,-1.8049,0.037128,1562
4047,0,-2.2343,-1.5651,-1.4171,-1.1516,-1.8048,0.035978,755
1403,0,-1.001,-1.001,-1.4731,0,-1.8043,0.026567,55
5421,1.001,0,-1.3441,-1.6991,-1.3947,-1.8028,0.040709,1429
3824,1.3894,-1.7076,-1.6685,-1.6158,-1.1751,-1.8027,0.045874,632
3010,0,-1.001,-1.3651,-1.001,-2.005,-1.7994,0.036569,218
3935,0,-1.4119,-1.8961,-0.15618,-1.001,-1.7987,0.022619,693
5119,-1.001,-1.2862,0,-1.3702,-1.5187,-1.7984,0.030963,1277
5117,1.001,-1.7328,-1.2145,-1.001,-1.001,-1.7983,0.039421,1275
3704,1.8701,-1.5284,-2.0405,-2.1332,-2.0023,-1.796,0.19227,562
3901,0,-1.001,-1.4106,-1.4151,-1.001,-1.7928,0.02238,659
5022,0,-1.4066,-1.001,-1.2753,-1.3722,-1.7921,0.042667,1230
4331,0,-1.3702,0,0,-1.1682,-1.792,0.024774,889
5415,0,-1.2572,0.094073,-1.3894,-1.001,-1.7919,0.025003,1423
4714,-1.001,-1.837,-1.2145,-1.6984,-1.3062,-1.7911,0.038024,1072
3219,0,-1.6728,-2.0671,-0.94182,-0.81763,-1.7908,0.036431,327
5838,1.001,-1.6809,-0.81721,-1.9845,-2.2536,-1.7897,0.042913,1646
4509,0,0,-1.001,-1.5773,-1.001,-1.7894,0.014129,967
4210,1.001,-1.2758,-1.001,-1.001,-1.4121,-1.7892,0.044026,818
5045,0,0,-1.001,-1.4092,-1.001,-1.7884,0.017912,1253
304,0,-1.7152,-1.6207,-1.001,-1.177,-1.7862,0.029377,12
4144,0,-1.1523,-1.001,-1.001,-1.7333,-1.7827,0.031998,802
3726,1.9765,-1.4171,-1.001,-1.7294,-2.1479,-1.7826,0.03339,584
3046,0,-1.4112,-1.3581,0,-1.001,-1.7821,0.019746,254
5813,-1.001,-1.8495,-1.4545,-1.2872,-1.403,-1.7821,0.04797,1621
2928,0,-1.001,-1.001,-1.4154,-1.3746,-1.7806,0.026421,186
4201,0,-1.4232,-1.4165,-1.3513,-1.8516,-1.7783,0.041995,809
5207,1.2739,-1.3093,-1.6725,-1.3141,-1.9254,-1.7777,0.055277,1315
4645,0,-1.4121,-1.2669,-1.3441,-1.1992,-1.7766,0.048434,1053
5629,0,0,-1.3519,-1.001,-1.4166,-1.776,0.020939,1537
3512,0,-1.4149,-1.4078,-1.001,-1.3623,-1.7756,0.021917,470
4622,0,-1.4171,-1.7207,-1.4136,-1.001,-1.7738,0.027145,1030
4708,0,-1.1858,-1.3746,-1.4124,-1.6453,-1.7735,0.036691,1066
5603,0,-1.001,-1.4167,-1.503,-1.401,-1.7721,0.031872,1511
5127,0,-1.7146,-1.001,-1.3352,0,-1.7715,0.028239,1285
5305,0,-1.5508,-1.8021,0,0,-1.7708,0.023337,1363
204,2.1247,-2.1912,-1.5821,-1.9359,-2.3259,-1.7692,0.28593,8
3418,0,-1.3989,-1.001,-1.7253,-0.71322,-1.7686,0.027564,426
5113,0,-1.3702,-1.001,-1.4028,-1.001,-1.7664,0.027885,1271
5810,0,-1.2986,-1.001,-1.001,-1.3174,-1.7647,0.033588,1618
4506,0,-1.5986,-1.001,-1.3825,-1.001,-1.763,0.022893,964
5510,0,-0.85512,-1.5807,-1.5569,-1.9357,-1.7626,0.031954,1468
4241,1.001,-1.3181,-1.4643,-1.6611,-0.84179,-1.7619,0.033262,849
5138,0,-1.001,-1.001,-1.367,-1.7242,-1.7614,0.033512,1296
4218,1.001,-1.5334,-1.3099,-1.7276,-1.3702,-1.7595,0.026734,826
5405,0,-1.001,-1.3281,-0.47433,-1.2669,-1.7582,0.025993,1413
4546,1.001,-1.41,-2.1159,-1.2812,-1.3779,-1.7551,0.039835,1004
3926,0,-1.6136,-1.4158,0,-1.5887,-1.7544,0.028665,684
4643,1.6698,-2.101,-1.001,-1.5953,-1.8849,-1.7538,0.12881,1051
4543,1.001,-1.2669,-1.9885,-1.6115,-1.7465,-1.7538,0.090894,1001
5217,0,-1.7524,-1.3894,-1.5991,-1.6914,-1.7529,0.040326,1325
5720,0,-1.3614,-1.001,-1.001,-1.4001,-1.7525,0.027177,1578
6100,0,-1.001,-1.001,-1.8147,-1.001,-1.7525,0.024779,1661
4436,0,-1.4526,-1.001,-1.001,-1.001,-1.7517,0.017821,944
1904,0,-1.9268,-1.1323,-1.547,-1.3086,-1.7505,0.03666,76
2819,0,-1.001,-1.7666,-1.1908,-2.0123,-1.7482,0.037081,127
5512,0,-1.6776,-1.001,-1.6725,-1.001,-1.7448,0.014922,1470
4448,0,-1.4188,-1.4776,-1.2485,-1.6248,-1.7444,0.053867,956
3401,1.6543,-1.3287,-1.5808,-1.2986,-1.8403,-1.7438,0.13189,409
3443,1.001,-1.001,-1.646,-1.2669,-1.001,-1.7437,0.044776,451
4335,0,-1.5998,-1.001,-1.001,-1.6141,-1.7415,0.02422,893
2948,1.001,-1.2381,-1.6774,-1.4016,-1.514,-1.7413,0.084293,206
4115,1.001,-0.58278,-1.001,-1.001,-1.3213,-1.7408,0.043988,773
5226,0,-1.3894,-1.001,-1.001,-1.2922,-1.7399,0.026364,1334
5428,0,-1.7063,-1.4133,-1.001,-1.001,-1.7398,0.015418,1436
4615,-1.001,-1.001,-1.001,1.001,-1.6461,-1.7389,0.032201,1023
3523,-1.001,-1.4154,-1.3669,-1.001,0,-1.7384,0.034182,481
4612,0,-1.3941,-1.4836,-1.001,-1.2503,-1.7376,0.02386,1020
2829,-1.001,0,-1.4125,0,0,-1.7372,0.033194,137
3817,0,0,-1.001,-1.001,-1.001,-1.7371,0.01361,625
3609,-1.001,-1.001,0,0,-1.001,-1.7368,0.020909,517
2946,0,-1.4154,0,-1.001,0,-1.7367,0.015593,204
4731,0,-1.001,-1.3923,-1.628,-1.3523,-1.7365,0.033855,1089
3036,1.001,-1.001,0,-1.001,-1.001,-1.7364,0.02072,244
2812,0,-1.001,-1.4028,0,0,-1.7362,0.014463,120
5831,0,0,0,0,-1.735,-1.7361,0.024384,1639
4042,0,-1.5635,0,-1.001,-1.001,-1.736,0.020553,750
5719,0,-1.001,-1.001,-1.001,-1.001,-1.736,0.019892,1577
3232,0,0,-1.001,-1.001,-1.001,-1.7359,0.016028,340
5703,0,-1.3669,0,0,-1.001,-1.7358,0.017842,1561
5733,0,0,-1.4144,0,-1.001,-1.7357,0.013224,1591
5630,0,-1.001,-1.4167,0,0,-1.7357,0.022475,1538
5128,0,0,-1.001,-1.001,-1.001,-1.7355,0.012167,1286
5035,0,0,-1.4156,-1.001,0,-1.7354,0.019555,1243
5536,0,0,-1.001,0,-1.4171,-1.7352,0.029199,1494
2917,0,-1.001,-1.4112,-1.2304,-1.001,-1.735,0.027707,175
3707,0,-1.4144,0,0,-1.001,-1.7349,0.010168,565
4030,0,-1.001,-1.4171,-1.001,-1.2358,-1.7348,0.025621,738
5729,1.001,-0.21738,0,-1.3273,-1.001,-1.7344,0.029044,1587
5122,0,-1.7696,-1.4133,-0.82245,-1.4874,-1.734,0.037435,1280
3550,0,-1.4812,-1.6169,-1.4884,-1.7023,-1.7338,0.035066,508
5829,0.70416,-1.4032,-1.3842,-1.001,-1.7313,-1.733,0.073956,1637
4619,0,0,-1.001,-1.001,-1.001,-1.733,0.012539,1027
4716,0,-1.1992,-1.2758,-1.26,-1.2062,-1.7329,0.034456,1074
4149,0,-1.001,-1.4069,-1.001,-1.41,-1.7323,0.015829,807
5319,0,-1.7345,-1.7091,-1.001,-1.001,-1.7307,0.023592,1377
3627,0,-1.5808,-1.3614,-1.001,-1.4117,-1.7294,0.025589,535
2919,0,-1.6852,-1.001,-1.001,-1.6734,-1.7291,0.037298,177
4216,0,-1.001,-1.574,-1.7358,-1.001,-1.7291,0.02357,824
3521,1.4134,-1.6486,-1.5729,-1.9947,-1.9229,-1.7274,0.064231,479
4711,0,-1.4123,-1.001,-1.8483,-1.4165,-1.7272,0.041754,1069
4031,-1.001,-1.001,-1.001,0,-1.001,-1.723,0.027604,739
5137,0,-1.9294,-1.001,0,0,-1.7217,0.023757,1295
3736,0,-1.5114,-1.5011,0,-1.1523,-1.7215,0.039376,594
2929,0,-1.6976,-1.001,-1.7154,-1.7237,-1.7198,0.024112,187
5033,0,-1.1271,-1.966,-1.9896,-1.6244,-1.7197,0.034922,1241
5635,-1.7297,-1.4555,-1.3441,-1.3767,-1.4151,-1.7195,0.049359,1543
3106,0,0,-1.001,-1.001,-1.4051,-1.7186,0.019036,264
5103,-1.001,-1.2817,-1.6906,-1.1475,-1.6264,-1.7182,0.043076,1261
3028,0,-1.2836,0,-1.4157,-1.3968,-1.718,0.015354,236
5404,1.4157,-1.8561,-1.001,-2.2387,-1.001,-1.7174,0.09446,1412
103,1.0088,-1.6915,-1.001,-1.7147,-2.4342,-1.7168,0.07114,3
3510,0,-1.138,-1.3685,0,-1.9614,-1.7166,0.041284,468
3328,0,0,0,-1.9434,-1.001,-1.7157,0.026847,386
3235,0,-1.001,-1.3612,-1.4133,0,-1.7156,0.026864,343
5622,0,-1.4167,-1.4142,-1.001,-0.056524,-1.7151,0.015226,1530
3335,0,-1.5569,-1.41,-1.6826,-1.3659,-1.715,0.034796,393
5532,0,-1.6306,-1.4051,0,-1.7349,-1.7149,0.037271,1490
4245,0,-1.7359,-1.001,-1.001,-1.001,-1.7147,0.028527,853
3440,1.001,-1.6372,-1.425,-2.3549,-1.7224,-1.7115,0.042657,448
1701,0,0,-1.3513,-1.001,-1.7175,-1.711,0.014578,65
5708,1.001,-1.2381,-1.6851,-1.2852,-1.4168,-1.7109,0.033153,1566
5147,1.0949,-1.4028,-1.6108,-2.2233,-1.3385,-1.7109,0.079765,1305
5837,-1.001,-1.0423,-1.8231,-1.3773,-1.3562,-1.7092,0.075311,1645
4244,1.001,-1.4994,0,-1.5968,-1.001,-1.7089,0.061845,852
3533,0,-1.2529,-1.6213,0,-1.8007,-1.7087,0.023373,491
5840,0.97669,-1.7762,-1.8286,-0.90085,-1.6569,-1.7085,0.088352,1648
3621,1.001,-1.6826,-1.4066,-1.7368,-1.4077,-1.7081,0.046188,529
2805,-0.23802,-1.4337,-1.237,-1.7357,-1.3213,-1.708,0.1035,113
3737,0,-1.001,-1.7363,-1.2755,-1.3971,-1.7078,0.024175,595
3416,1.3366,-1.4083,-1.6834,-1.6709,-1.001,-1.7076,0.077379,424
4526,0,-1.6616,-1.3861,-1.2264,-1.6622,-1.7073,0.03213,984
3631,0,-1.3919,-1.026,-1.7421,-0.4473,-1.706,0.04368,539
704,0,-1.5342,-1.3039,-1.2561,0,-1.7056,0.030851,28
5208,-1.001,-1.3005,-1.3795,-1.7085,-1.6433,-1.7053,0.05106,1316
3843,0,-1.4956,-1.001,0,-1.001,-1.7049,0.01134,651
3215,1.001,-1.635,-1.7088,-1.243,-1.4562,-1.7048,0.047978,323
4248,1.001,-1.9124,-1.4156,-1.2498,0,-1.7035,0.044475,856
3411,0,-1.233,-0.064216,-1.7369,-1.7178,-1.7027,0.022291,419
3531,1.001,-1.7356,-1.5718,-1.6643,-1.001,-1.7013,0.038143,489
2834,0,-1.2922,-1.4139,-1.0152,-1.6169,-1.7011,0.03331,142
4712,0,-1.41,-1.001,-1.3256,-1.001,-1.7003,0.028813,1070
3143,1.3984,-2.0011,-1.6532,-1.5046,-2.4325,-1.6997,0.098677,301
5615,0,-1.6649,-1.001,-1.2669,-0.94938,-1.6988,0.033783,1523
2832,0,-1.4584,-1.7146,-1.001,-1.7845,-1.6983,0.025731,140
403,0,-1.7026,-1.001,-1.001,-1.3941,-1.6959,0.020993,15
3514,0,-1.4149,-1.4171,0,-1.001,-1.6954,0.02216,472
3218,0,-1.001,-1.001,-1.3949,-1.9915,-1.695,0.044873,326
4238,0,-1.2669,-2.0056,-0.64924,-1.7535,-1.6943,0.039571,846
3928,0,-1.3949,-1.4168,-1.3829,0,-1.6926,0.019399,686
3913,0,-1.1925,-1.7366,-1.7249,-1.6957,-1.6881,0.031424,671
102,1.001,-1.001,-1.6374,-1.001,-1.001,-1.6874,0.033811,2
3132,0,-1.001,-1.001,-1.8904,0,-1.6871,0.022449,290
2821,0,-1.2286,-1.6657,-1.6363,-1.4073,-1.6856,0.027112,129
4746,0,-1.2669,-1.7138,-1.4142,-1.7249,-1.6846,0.045123,1104
3128,0,-1.3861,-1.2751,-0.67598,-1.363,-1.6843,0.030205,286
4114,0,-1.5754,-0.4473,-1.4156,-1.3,-1.6841,0.034102,772
5130,0,-1.4028,-1.2922,0,0,-1.6838,0.029162,1288
3831,0,0,-1.3821,-1.001,0,-1.6826,0.014849,639
5025,0,-1.001,-1.6034,-1.5428,-1.9947,-1.6816,0.031024,1233
5618,-1.001,-1.4159,-1.2915,-1.2145,-1.7341,-1.6812,0.032439,1526
5503,1.001,-1.5953,-1.6822,-1.6392,-1.3837,-1.6811,0.065639,1461
4647,1.001,-1.6034,-1.1783,-1.7096,-1.1122,-1.6806,0.043393,1055
3039,1.001,0,-1.3792,-1.7361,-1.6625,-1.6792,0.083299,247
4022,0,-1.336,-1.7369,1.001,-1.3941,-1.679,0.041804,730
3614,0,-1.001,-1.001,-1.4112,0,-1.6787,0.025243,522
3438,-1.5665,-1.7323,-1.001,-1.6874,-0.37504,-1.6781,0.12626,446
3835,0,-1.1783,-1.9246,-1.3083,-1.6752,-1.6774,0.033111,643
3406,1.001,-1.6349,-1.6168,-1.7926,-1.5151,-1.6772,0.063425,414
4332,0,0,-1.4167,-1.001,-1.4075,-1.6748,0.020596,890
3710,0,-1.3992,-1.4166,1.001,-0.91948,-1.6732,0.029689,568
4214,0,-1.001,0,-1.001,-1.3523,-1.673,0.021157,822
3205,0,-1.336,-1.6786,-1.4089,-1.5826,-1.6725,0.059088,313
3605,1.001,-1.8699,-1.3441,-1.001,-1.6133,-1.6725,0.037145,513
4123,-1.001,-1.001,0,-1.3099,-1.5118,-1.6722,0.033926,781
1104,0,-1.001,0,-1.001,-1.001,-1.6715,0.032454,44
4550,0,-1.7361,-1.1934,-1.001,-1.1846,-1.6713,0.044454,1008
3332,0,-1.4136,-1.001,0,-1.001,-1.6697,0.01436,390
3324,1.001,-1.7093,-1.2926,-1.001,-1.3265,-1.6695,0.036227,382
5434,0,0,-1.001,-1.001,-1.3441,-1.6692,0.015336,1442
3940,1.6166,-1.3083,-0.67257,-1.9469,-1.9091,-1.669,0.13256,698
3223,0,-1.6629,-1.001,-0.81704,-1.3363,-1.669,0.033089,331
901,0,-1.001,-1.7327,-1.5112,-1.3223,-1.6684,0.02755,33
3825,-1.001,-1.2742,-1.001,-1.6611,-1.7061,-1.6671,0.043565,633
3646,1.001,0,-1.3986,-1.4167,-1.001,-1.6664,0.02624,554
2823,0,0,-1.001,-1.6433,0,-1.6663,0.025648,131
4730,0,-1.3894,0,-1.7061,-0.55333,-1.6657,0.031116,1088
402,0,-1.6784,-1.2669,-1.7287,-1.3682,-1.6612,0.031322,14
4306,1.001,-1.738,-1.7839,-1.3718,-1.373,-1.6609,0.10389,864
4315,0,-1.2471,-1.0731,-1.6686,-1.001,-1.6607,0.033005,873
4507,0,-1.001,-1.3527,-1.8602,-1.001,-1.6607,0.035308,965
5821,0,-1.001,-1.2868,-1.3593,-1.001,-1.6584,0.025529,1629
5626,0.21738,-1.001,-1.7194,-0.76632,-1.6251,-1.6555,0.03479,1534
3408,0,-1.4166,-1.001,-0.20979,0,-1.6544,0.022149,416
4607,0,-1.2419,-1.3702,-1.8854,-1.668,-1.6526,0.032307,1015
5432,-1.001,-0.84071,-0.51548,-1.3168,-2.005,-1.6525,0.037455,1440
4350,1.001,-1.6573,-1.2234,-1.2952,-1.3623,-1.6519,0.040314,908
3121,0,0,-1.3894,-1.4153,0,-1.6516,0.011228,279
4415,0,-1.2742,-1.001,-1.4153,-1.5001,-1.6515,0.021535,923
5243,1.001,-1.8922,-1.001,-1.7253,-1.2754,-1.6511,0.052545,1351
4023,0,-1.0124,-1.4978,-1.6822,-1.3977,-1.6497,0.028394,731
3830,-1.001,-1.4163,-1.366,-1.809,0.03288,-1.6494,0.027789,638
3613,0,-0.69079,-1.5224,-1.4054,-0.77397,-1.6476,0.031707,521
5144,1.001,-1.2872,-1.4121,-1.3865,-1.3996,-1.6475,0.03193,1302
3845,0,0,-1.001,0,-1.3441,-1.6466,0.01798,653
3426,0,0,-1.001,-1.4112,-1.001,-1.6463,0.014468,434
3133,1.001,-1.5205,-1.001,-1.001,0,-1.6447,0.076627,291
5736,0,-1.3956,-1.2858,-1.3153,-1.8715,-1.6444,0.044652,1594
3804,1.4167,-1.404,-1.3894,-1.001,-1.4582,-1.6444,0.047596,612
3430,0,-1.3536,-1.4939,-1.3441,-1.5235,-1.6427,0.03336,438
5828,0,-1.4171,-1.4142,0,0,-1.6424,0.027543,1636
4604,1.7247,-1.001,-1.2703,-1.564,-1.4171,-1.6388,0.14676,1012
3320,0,-1.7361,-1.2062,-1.6879,-1.001,-1.6387,0.037497,378
3007,1.0467,-1.8969,-1.4347,-2.1613,-1.6647,-1.6386,0.10616,215
3601,0,-1.3299,-1.5162,-1.3441,-1.7363,-1.6386,0.042825,509
4512,0,-1.4066,-1.4136,-1.001,-1.6465,-1.637,0.023182,970
5018,0,-1.001,-1.001,-1.3441,-1.001,-1.6363,0.034488,1226
4611,0,-1.001,-1.001,-1.001,-1.001,-1.6361,0.019999,1019
4017,0,0,-1.4069,-1.4066,0,-1.6361,0.017686,725
3546,0,-1.001,-1.001,-1.4051,0,-1.635,0.015805,504
3729,0,-1.001,-1.3213,0,0,-1.6349,0.026828,587
5508,0.49452,-1.3405,-1.6438,-1.4606,-1.7304,-1.6345,0.12094,1466
5835,0,-1.5818,0,-1.1783,-1.001,-1.6336,0.018622,1643
2945,0.03288,-1.001,1.001,-1.4001,-1.9244,-1.6321,0.044249,203
3037,1.001,-1.2836,-1.4967,-1.3633,-1.838,-1.632,0.042812,245
3838,1.3153,-1.3213,-1.4279,-0.51548,-1.7368,-1.6315,0.090025,646
4613,1.001,-1.5646,-1.3894,-1.3811,-1.001,-1.6303,0.038345,1021
4112,1.001,-1.001,-1.001,0,-1.3115,-1.6299,0.017071,770
4141,0,0,-1.7347,-1.001,0,-1.6297,0.016337,799
4122,0,-1.001,-1.2836,-1.001,0,-1.6295,0.022462,780
4324,0,-1.2802,0,0,-1.001,-1.6279,0.010415,882
4411,0,-1.001,-1.001,-1.7211,-1.3386,-1.6275,0.037634,919
3336,1.001,-1.3821,-1.7291,-0.87801,0,-1.6273,0.017257,394
4235,0,-1.4171,-1.1959,-1.2935,-1.5669,-1.6267,0.028388,843
3120,1.4013,-1.9347,-1.6587,-1.6299,-1.6762,-1.6247,0.062959,278
4217,0,-1.001,-1.7278,-1.8298,-1.1985,-1.6244,0.027659,825
5430,0,-1.001,-1.001,-1.001,0,-1.623,0.037238,1438
3949,0,-1.001,-1.001,0,-1.001,-1.6229,0.03345,707
701,0,0,-1.001,-1.4083,-1.001,-1.6216,0.030841,25
4750,0,0,-1.4171,-1.5908,-1.4157,-1.6203,0.020361,1108
3421,0,0,-1.001,-1.3623,-1.001,-1.62,0.018385,429
5234,0,-0.76697,-1.5593,-1.3505,-1.4167,-1.6198,0.032047,1342
3946,0,-1.4165,-1.2991,-1.9292,-1.6596,-1.6194,0.03155,704
3424,0,-1.3441,0,0,-1.4171,-1.6189,0.049309,432
5230,0,-0.36444,-1.001,-0.20001,-1.6562,-1.617,0.029846,1338
2840,1.5604,-2.1056,-2.1401,-1.7078,-1.8615,-1.617,0.27478,148
3233,0,-1.4125,0,-1.001,-1.1874,-1.6153,0.016999,341
3448,0,-1.3314,-1.001,-1.001,-1.3913,-1.6146,0.026683,456
5014,0,-1.001,-1.3523,0,0,-1.6146,0.0084739,1222
5043,0,-1.4171,0,0,-1.4157,-1.6133,0.021846,1251
4718,0,-1.5215,-1.1846,-1.4164,-1.281,-1.6118,0.042075,1076
5637,0,-1.2505,1.001,-1.001,-1.6603,-1.6116,0.026467,1545
4736,0,-1.001,-1.001,-1.7291,-1.6588,-1.6112,0.020672,1094
3640,0,-1.3821,-1.4106,0,-1.001,-1.6095,0.018509,548
5809,0,-1.001,-1.001,-1.001,-1.001,-1.6083,0.028464,1617
5148,1.001,-1.6192,-1.5316,-1.548,-1.8163,-1.6074,0.049756,1306
3632,0,-1.7247,-1.3734,-1.3669,-0.63271,-1.6071,0.021601,540
5724,0,0,-1.4157,0,-1.6428,-1.607,0.019037,1582
3917,0,-1.3936,-1.4117,-1.2028,-1.001,-1.6067,0.030066,675
5505,-1.001,-1.5572,-1.1811,0,-1.001,-1.6065,0.04023,1463
5347,0,-1.7144,-1.001,0,-1.001,-1.6062,0.020339,1405
1103,-1.001,-1.3516,-1.6042,-0.66012,-1.001,-1.6059,0.026856,43
3323,0,-1.001,-1.3586,-0.8189,-1.001,-1.605,0.023513,381
3650,0,0,-1.7753,-1.4247,-1.2211,-1.6034,0.019249,558
5710,0,-1.001,-1.4171,0.14805,-1.4125,-1.5961,0.027109,1568
2908,0.49906,-1.4112,-1.9131,-1.001,-1.604,-1.5959,0.050404,166
5101,0,-1.6039,-1.3516,-1.4157,-1.2459,-1.5955,0.033453,1259
3109,0,-1.5521,-1.4171,-1.2062,-1.4167,-1.594,0.028238,267
3746,0,-1.4154,-1.3281,-1.3099,-1.2669,-1.5934,0.023503,604
5531,1.001,-1.001,-1.6389,-1.3527,-1.2318,-1.5929,0.021023,1489
3112,0,-1.001,0,-1.001,-1.4117,-1.592,0.020027,270
4004,0,-1.001,-1.2991,-1.3685,-1.3894,-1.5919,0.015768,712
5023,1.001,-1.409,-1.4151,-1.001,0,-1.5905,0.052994,1231
5425,1.001,-1.7317,0,-1.7212,-1.4139,-1.5902,0.036454,1433
4723,-1.001,-1.6073,-1.4068,-1.6611,-1.2728,-1.5875,0.036417,1081
5242,0,-1.001,0,-1.4112,-1.3441,-1.5859,0.015671,1350
5436,0,-1.5709,-1.4126,-1.001,-1.3394,-1.5857,0.026052,1444
3013,0,-1.5266,-1.4142,-1.6374,-1.001,-1.5849,0.036356,221
4313,0,-1.4077,-1.6959,-1.3825,-1.2844,-1.5847,0.027009,871
3327,1.001,-1.001,-1.001,-1.9081,-1.001,-1.5846,0.031969,385
3117,1.001,-1.001,-1.4061,-1.6519,-1.6422,-1.5829,0.03869,275
3027,0,-1.2018,-1.001,-1.7514,-1.7044,-1.578,0.02591,235
3236,0,-1.3715,-1.6321,-0.75881,-1.3193,-1.5777,0.050427,344
4221,0,-1.3223,-1.001,0,-1.4091,-1.5771,0.016333,829
3441,0.49405,-1.2817,-1.6422,-2.4426,-1.7167,-1.5757,0.16357,449
3909,0,-1.001,-1.2419,-1.4028,-1.367,-1.5742,0.01936,667
4621,0,0,-1.001,-1.001,-1.396,-1.5721,0.021348,1029
5150,1.3213,-1.9884,-1.4468,-1.7092,-1.1933,-1.5715,0.047946,1308
4726,0,-1.4139,-1.001,-1.3287,-1.001,-1.5715,0.024641,1084
5711,0,-1.4499,-1.6145,-1.001,-1.001,-1.5708,0.030933,1569
3209,0.034483,-2.011,-1.4097,-0.84632,-1.2145,-1.5701,0.1022,317
5420,1.001,0,-1.3441,-1.4167,-1.7025,-1.5678,0.025149,1428
3636,1.001,-1.001,0,-1.6066,-1.4171,-1.5677,0.060816,544
4338,0,-1.2644,-1.624,-1.3192,-1.6429,-1.5661,0.026118,896
5616,0,-1.2567,-1.4171,-1.4151,-1.7104,-1.5659,0.029104,1524
5620,0,-1.001,-1.4513,-1.001,-1.001,-1.565,0.032694,1528
3644,1.3983,-1.6715,-1.9358,-1.9351,-1.6759,-1.5639,0.078859,552
4434,0,-1.3366,-1.001,-1.9453,-1.4273,-1.5634,0.033907,942
4018,0,-1.001,-1.001,-1.3722,-1.4133,-1.5619,0.023656,726
3507,1.001,-1.4567,-1.5558,0,-1.1994,-1.5609,0.032628,465
5745,1.001,-1.4028,-1.3746,-1.2986,-1.001,-1.5588,0.039597,1603
3927,0,-1.5516,-1.4136,-1.3901,-1.001,-1.5587,0.032051,685
4327,0,-1.001,-1.4167,-1.3941,-1.3606,-1.5554,0.02349,885
3842,0,-1.001,-1.001,-1.2577,-1.7334,-1.5551,0.018559,650
4129,0,-1.001,-1.001,-1.4103,0,-1.555,0.0078242,787
3427,-0.32934,-1.001,0,0,-1.7344,-1.5539,0.021735,435
3822,0,-1.0981,-1.4168,-1.6564,-0.094073,-1.5532,0.027887,630
401,1.001,-1.2978,-1.4092,-0.52614,0,-1.5519,0.024351,13
3213,0,-1.001,-1.001,-1.001,-1.7664,-1.5477,0.019922,321
2818,0,-1.9979,0,-0.52838,-1.4167,-1.5476,0.028366,126
4541,1.4083,-1.6368,-1.2846,-1.6417,-1.6523,-1.546,0.072168,999
3703,0.88403,-1.6725,-1.7122,-1.2577,-1.9743,-1.5458,0.24501,561
4316,0,-1.2712,0,-1.3806,-0.81768,-1.5429,0.020274,874
3615,1.001,-1.001,-1.5505,-1.2145,-1.9363,-1.5408,0.037385,523
3012,0,-1.001,-1.8184,-1.1717,-1.6988,-1.54,0.028609,220
1404,0,-1.001,0,-1.4171,-1.001,-1.5391,0.024524,56
2836,0,-1.001,-1.4117,-1.3877,-1.4171,-1.5383,0.022991,144
5808,0,-1.2922,-1.001,0,-1.001,-1.5377,0.02981,1616
5303,0,-1.001,-1.001,-1.6312,-1.3441,-1.5364,0.017741,1361
4447,1.001,-1.3669,-1.5578,-1.7318,-1.1465,-1.5344,0.047465,955
4021,0,-1.001,-1.001,-1.001,-1.001,-1.5335,0.020858,729
5210,0.59483,-1.9776,-1.4066,-1.001,-1.7085,-1.5333,0.042631,1318
5223,0,-1.001,-1.4713,-1.7304,-1.4161,-1.5329,0.031101,1331
4743,0,-1.2592,-1.001,-1.6802,-1.3213,-1.5297,0.030771,1101
5823,-1.001,-1.4064,-1.3265,-1.001,-0.59788,-1.5273,0.03413,1631
4139,0,-1.001,-1.6128,-1.001,-1.7345,-1.5267,0.016937,797
5814,1.001,-1.4168,-1.4158,-1.504,-1.2274,-1.5259,0.033821,1622
4504,1.001,-1.4167,-1.6373,-1.6944,-1.2315,-1.525,0.066141,962
5140,0,-1.7079,-1.001,0,0,-1.5242,0.034126,1298
4605,1.001,-1.4117,-1.2754,-1.5085,-1.3281,-1.5218,0.037113,1013
4305,0,-1.3119,-1.3652,-1.6604,0,-1.5203,0.027527,863
3642,0,0,-1.4124,-1.5422,-1.001,-1.52,0.010547,550
5318,0,-1.001,0,-1.001,-1.4092,-1.5196,0.014176,1376
4501,1.6622,-2.008,-1.4153,-2.1502,-1.66,-1.5173,0.17584,959
902,1.001,-0.93767,-1.001,-1.3542,-1.1309,-1.5173,0.028713,34
203,1.001,-0.058875,0,-1.9941,-1.001,-1.5158,0.039227,7
3011,-1.001,-1.3805,-1.3475,0,-1.3874,-1.5126,0.051159,219
5424,1.3438,-1.8868,-1.5227,-2.0602,-2.1448,-1.5113,0.12117,1432
5313,0,0,-1.001,-1.4154,-1.001,-1.511,0.010211,1371
5116,0,-1.001,-1.3986,-1.6505,-1.001,-1.5107,0.031104,1274
3144,0,-1.001,-1.001,-1.001,-1.4171,-1.5095,0.020545,302
5104,0,-1.6373,-1.1532,0,-1.3865,-1.5094,0.047972,1262
4409,0,-1.2872,-1.2823,-1.2257,-1.4707,-1.5077,0.035967,917
5411,0,-1.4159,-1.001,-1.2145,-1.649,-1.5076,0.02632,1419
4330,0,-1.6374,-1.4013,-1.2493,0,-1.5069,0.021966,888
4733,0,-1.3869,-1.3746,-1.4171,-1.2577,-1.5064,0.027132,1091
4105,1.001,-1.001,-1.001,-1.001,-0.81963,-1.5055,0.026143,763
5639,1.4112,-1.7304,-1.7328,-1.3191,-0.81588,-1.5051,0.042862,1547
4525,0,-1.391,-1.3039,1.001,-1.7421,-1.505,0.020877,983
4427,0,-1.3986,-1.3936,-1.001,-1.001,-1.5024,0.023284,935
5203,1.9215,-2.2084,-1.9033,-1.2078,-1.9826,-1.5022,0.24006,1311
4438,1.001,-1.3894,-1.4129,0,-1.6026,-1.5013,0.026098,946
2809,1.6492,-1.7188,-1.6866,-1.7177,-1.4121,-1.5012,0.080912,117
5322,0,-1.001,-1.001,0,-1.3,-1.5011,0.019445,1380
1802,1.2708,-2.1229,-1.8888,-2.1702,-1.6744,-1.4992,0.063134,70
4309,0,-1.4156,-1.3441,-1.3137,0,-1.4991,0.026041,867
104,1.0747,-1.4907,-1.6513,-1.7283,-1.6982,-1.4974,0.16508,4
5309,-1.6702,-1.001,-1.001,0,-1.001,-1.4969,0.033579,1367
5017,0,-1.4171,-1.001,-1.5736,1.001,-1.4938,0.028053,1225
4534,0,1.001,0,-1.6125,-1.5398,-1.4935,0.019853,992
5332,-1.001,0,-1.001,-1.366,0,-1.4925,0.0077812,1390
3930,0,-1.3977,-0.20979,-1.6323,-0.92198,-1.4918,0.032035,688
5614,0,-1.3077,-1.1569,-1.6397,-1.3945,-1.491,0.033672,1522
3404,1.001,-1.3846,-1.001,-1.4171,0,-1.4902,0.027067,412
4001,0,-1.001,-1.001,-1.3865,-1.001,-1.4876,0.023882,709
3025,0,-1.6072,-1.1977,-1.001,-1.001,-1.4872,0.037015,233
4230,0,0,-1.001,-1.001,-1.001,-1.4868,0.038728,838
3431,1.001,-1.5368,-1.3213,-1.4136,-1.001,-1.4858,0.029114,439
5041,0,-1.4061,-1.3773,-1.001,-1.4167,-1.4858,0.027611,1249
5124,0,-1.6036,-1.001,-1.3441,-1.001,-1.4856,0.030001,1282
3634,0,-1.5695,-1.1629,-1.1345,-1.2872,-1.4849,0.025254,542
5019,0,-1.9849,0.11242,-1.3877,-1.3835,-1.4819,0.025843,1227
4320,-1.001,-1.001,-1.4117,-1.001,-1.2592,-1.4819,0.029698,878
5331,0,-1.001,-1.001,-1.001,0,-1.4802,0.012575,1389
5649,1.644,-2.2992,-0.86363,-1.5951,-1.937,-1.4781,0.36419,1557
5042,0,-1.7904,-1.194,-1.3792,0,-1.4748,0.029492,1250
5030,0.85965,-1.7424,-1.6797,-1.8289,-0.79528,-1.4745,0.053994,1238
3116,1.001,-1.7241,-1.6653,-1.512,-1.6884,-1.4742,0.051239,274
5109,1.001,-1.001,-1.9982,-1.4168,-1.2829,-1.4719,0.033919,1267
2914,0,-1.001,-1.333,-1.3727,-1.3759,-1.4699,0.025526,172
5416,0,-0.06143,-1.001,-1.3894,-1.5195,-1.4664,0.017485,1424
5624,1.001,-1.001,-1.4071,-1.2145,-1.4166,-1.4661,0.055428,1532
3732,-1.001,-1.2916,-1.3734,0,-1.001,-1.4642,0.023007,590
3021,0,-1.4171,-0.51927,-1.1572,-1.3941,-1.464,0.02531,229
4134,1.001,-1.3223,-1.1849,-1.001,-1.001,-1.4638,0.040603,792
5647,-1.001,-1.001,-1.2304,-1.6185,-1.3581,-1.4621,0.022266,1555
4026,0,-1.001,-1.001,-1.001,-1.001,-1.4598,0.015383,734
5426,0,-1.001,-1.001,-1.001,-1.3954,-1.4562,0.015162,1434
3942,1.001,-1.3679,-1.6681,-1.2145,-1.001,-1.4556,0.089831,700
4135,0,-1.001,-1.2814,-1.001,-1.4165,-1.4545,0.03649,793
4445,1.001,-2.0032,-1.4166,-1.001,-1.001,-1.4534,0.017356,953
4215,0,-1.5941,-1.001,-1.4171,-1.001,-1.4524,0.022833,823
3212,0,-1.001,-1.3081,-1.001,-1.6494,-1.4518,0.025165,320
3649,0,-1.3746,-1.5649,-0.32394,0,-1.4514,0.022102,557
5232,0,-1.001,-1.001,-1.4165,-1.3134,-1.451,0.020868,1340
3024,1.001,-1.001,-1.001,-1.5978,-1.3581,-1.451,0.073554,232
5020,-1.001,-1.001,-1.001,-1.4075,-1.2512,-1.4492,0.039598,1228
4610,0,-1.333,-1.2991,-2.0028,-1.001,-1.4477,0.048002,1018
3513,0,-0.24578,-1.3685,-1.3919,-1.001,-1.4462,0.014334,471
5402,1.8113,-2.0722,-1.9174,-1.6636,-1.9292,-1.444,0.22802,1410
4247,0,0,-1.2471,-1.4136,-1.001,-1.4436,0.019284,855
4036,0,-1.4087,-1.3861,-1.3119,-1.001,-1.4434,0.022994,744
5502,1.3593,-1.6765,-0.60271,-1.8679,-0.91747,-1.4431,0.087633,1460
5034,0,-1.001,-1.4156,-1.001,-1.4154,-1.4427,0.01511,1242
5031,0,-1.0302,-1.5753,-1.3825,-1.001,-1.4423,0.025858,1239
4234,0,0,-1.001,0,-1.2613,-1.4413,0.016325,842
2833,0,-1.001,-1.7111,0,-1.001,-1.4396,0.014714,141
3239,1.8137,-1.8847,-1.502,-1.9213,-1.498,-1.437,0.28427,347
4606,1.001,-1.3968,-1.3865,-1.2669,0.056524,-1.4357,0.038872,1014
3744,1.3021,-2.2744,-1.3115,-0.10847,-2.1326,-1.4309,0.070473,602
5246,0,-1.6272,-1.001,-1.4167,-1.2216,-1.4262,0.028126,1354
4336,1.001,-1.3527,-1.7093,-1.4171,-1.2358,-1.4186,0.020501,894
4629,1.001,-1.001,-1.159,-1.4171,-1.7067,-1.4185,0.025995,1037
4745,0,-1.001,0,0,-1.001,-1.417,0.01536,1103
4138,0,0,-1.001,-1.001,-1.4119,-1.4169,0.017725,796
5323,0,0,1.001,0,-1.366,-1.4169,0.01043,1381
4236,0,0,0,-1.4167,0,-1.4169,0.028073,844
5431,0,-1.3281,-1.2145,-1.001,0,-1.4169,0.022238,1439
1302,0,0,0,0,-1.4112,-1.4168,0.022394,50
4533,1.001,-1.3894,-1.001,-1.001,-1.4091,-1.4168,0.032681,991
4416,1.001,-1.001,-1.4167,-1.6378,-1.001,-1.4167,0.025656,924
4103,0,-1.001,0,0,-1.001,-1.4167,0.042426,761
3816,0,-1.001,0,0,-1.001,-1.4167,0.01673,624
3425,0,-1.4159,0,0,0,-1.4166,0.012798,433
4531,1.001,0,-1.4146,-1.001,-1.6576,-1.4165,0.035713,989
5133,0,0,-1.3784,0,0,-1.4163,0.022239,1291
5315,0,0,0,0,-1.4028,-1.4162,0.011669,1373
5412,0,-1.001,-1.001,0,0,-1.4162,0.014705,1420
5611,0,-1.001,0,-1.3679,-1.4167,-1.4161,0.036253,1519
4117,0,-1.001,0,-1.001,0,-1.4161,0.013826,775
5231,0,1.001,-1.4125,-1.001,0,-1.4161,0.016578,1339
5016,0,0,-1.001,0,-1.001,-1.4159,0.015768,1224
5525,0,0,-1.001,-1.001,0,-1.4159,0.023687,1483
5844,0,-1.001,-1.001,0,0,-1.4159,0.025977,1652
4626,0,-1.001,-1.4112,-1.001,-1.6552,-1.4159,0.01857,1034
3611,0,-1.001,0,0,-1.001,-1.4158,0.014694,519
5007,-1.001,-1.4001,-1.3134,0.031419,-1.2846,-1.4157,0.023428,1215
3022,0,-1.3363,-1.3581,-1.3789,-1.001,-1.415,0.018787,230
4007,0,0,0,-1.4073,0,-1.4134,0.015229,715
3541,1.4142,-1.41,-1.2786,-1.001,-1.001,-1.4132,0.051931,499
4505,1.001,-1.6237,-1.682,-1.2139,-1.001,-1.4124,0.039652,963
4513,1.001,-1.3525,-1.7295,-1.3992,-1.001,-1.4109,0.037191,971
4128,0,-1.001,-1.001,-1.2518,-1.386,-1.41,0.042109,786
5115,0,-1.5915,-1.001,-1.5248,-1.494,-1.4092,0.024937,1273
5204,1.1846,-1.9973,-1.3947,-1.1895,-1.845,-1.4077,0.06793,1312
3318,0,-1.001,-0.51848,-1.001,-1.727,-1.4077,0.029498,376
4430,0,0,0,0,-1.4103,-1.4074,0.017508,938
4738,0,-1.2512,-1.001,0,-1.001,-1.4069,0.01152,1096
3009,0,-1.3784,-1.001,-1.001,1.001,-1.4066,0.036522,217
3709,1.001,-1.3083,-1.3441,-1.5973,-1.4117,-1.4054,0.040807,567
5330,0,0,-1.001,-1.001,-1.4129,-1.4053,0.013252,1388
4016,0,-1.001,-1.001,0,-1.41,-1.4051,0.019063,724
3134,0,-1.1022,-0.79366,-1.3806,-2.2268,-1.404,0.039534,292
3527,-1.001,-1.001,-1.3314,-1.001,-1.001,-1.4027,0.027466,485
3042,1.6703,-1.7093,-2.2252,-1.2145,-2.2249,-1.4014,0.19388,250
4710,0,-1.001,-1.001,0,-1.3606,-1.4012,0.034246,1068
4002,0,0,0,-1.4104,0,-1.401,0.010395,710
5718,0,-1.001,-1.3441,0,-1.001,-1.3976,0.012809,1576
3811,1.001,-1.001,-1.001,-1.7021,-1.6615,-1.3937,0.029204,619
3840,1.001,-1.001,-1.41,-1.001,-1.001,-1.3929,0.045588,648
4227,0,-0.83031,-1.3968,-1.3593,-1.4075,-1.3895,0.023514,835
5106,0,-1.3989,-1.001,-1.4112,-1.2562,-1.3881,0.025889,1264
2004,1.001,-1.001,-1.0641,-1.4171,-1.001,-1.3863,0.047721,80
3604,1.001,-1.4058,-1.4171,-0.4473,-1.4402,-1.3855,0.036154,512
4219,1.001,-1.3213,-1.26,-1.3879,-1.3681,-1.3841,0.06404,827
4439,1.2968,-1.9593,-1.6417,-2.0033,-1.7324,-1.3838,0.10537,947
5403,1.2098,-1.8595,-1.7216,1.001,-1.8757,-1.3833,0.22577,1411
4041,0.83322,-1.1853,-1.5042,-1.8674,-1.7342,-1.3803,0.076293,749
404,1.4168,-1.001,-1.3586,-1.6046,-1.4321,-1.3795,0.050375,16
3505,0,0,-1.3951,0,-1.001,-1.3784,0.026264,463
4237,1.001,-1.8345,-1.001,-1.6003,1.001,-1.377,0.041595,845
4204,0,-1.001,-1.001,-0.99143,-1.2069,-1.3723,0.047522,812
3415,0,-1.001,-1.001,-1.2226,-1.001,-1.3719,0.018128,423
4343,1.001,-1.4168,-1.001,-1.001,-1.6044,-1.3702,0.033764,901
3740,0,-1.351,-1.001,-1.001,-1.001,-1.3655,0.027226,598
3230,0,0,-1.4171,-1.001,-1.001,-1.3635,0.019271,338
2911,0,-1.001,-1.001,-1.3203,-1.1315,-1.3631,0.02659,169
5518,-1.001,0,0,0,-1.001,-1.3626,0.02866,1476
3203,1.001,-1.6584,-1.001,-1.001,-1.2712,-1.3624,0.031067,311
3934,0,-1.4139,-0.65644,-1.3894,-1.001,-1.3619,0.023839,692
5314,1.001,-1.5914,-1.4028,-1.001,-1.5809,-1.3615,0.027033,1372
5623,0,0,0,-1.4061,-1.001,-1.3611,0.01349,1531
2847,0,-1.3363,-1.001,-1.001,-1.001,-1.3587,0.027379,155
5738,1.001,-1.5837,-1.001,0,-1.001,-1.3578,0.047626,1596
4202,0,0,-1.001,-1.4553,-1.667,-1.3577,0.023692,810
3626,0,-1.6274,-1.001,-1.1336,-1.001,-1.3571,0.027152,534
2827,0,-1.2669,-1.4159,-1.4075,1.4167,-1.3569,0.02165,135
4516,1.001,-1.4083,0,-1.001,-1.001,-1.356,0.031547,974
4246,0,-1.001,-1.001,-1.4159,0,-1.3558,0.023379,854
5815,1.4124,0.070623,-1.001,-1.8659,-1.4066,-1.3552,0.05857,1623
4125,0,0,-1.001,-1.4139,0,-1.3549,0.030054,783
4514,0,-1.4166,-1.001,-1.5635,0.031419,-1.3546,0.028566,972
4401,0,-1.6467,-1.001,-1.4167,-1.001,-1.3545,0.028422,909
5535,0,-1.001,-1.001,-1.3968,-1.001,-1.3537,0.023022,1493
4410,0,-1.001,0,-1.3021,-1.4171,-1.3522,0.02468,918
5406,1.04,-1.3441,-2.1341,-1.7313,-1.4221,-1.3517,0.18342,1414
4140,1.001,-1.3894,-1.4903,-1.6646,-1.001,-1.3496,0.061315,798
3727,0,0,0,-1.001,-1.4092,-1.3491,0.016235,585
5139,1.4165,-1.2075,-1.2707,0,-1.98,-1.3476,0.069035,1297
3725,0,0,0,-1.4083,-1.001,-1.3473,0.015326,583
5233,0,0,0,-1.401,-1.001,-1.3458,0.020701,1341
5328,0,-1.001,-1.001,-1.2802,0,-1.3407,0.014161,1386
5010,0,-1.3913,-1.2297,-1.001,-1.4061,-1.3392,0.02064,1218
5044,1.4139,-1.4167,-1.7287,-1.4136,-1.001,-1.3392,0.03934,1252
4428,0,0,-1.4166,-1.001,0,-1.3391,0.015687,936
3137,0,-1.4194,-1.7109,-1.001,-1.001,-1.3384,0.035541,295
3713,0,-1.2452,-1.7023,-1.001,0,-1.3381,0.012605,571
5715,1.001,-1.001,0.064216,-1.7368,-1.001,-1.3374,0.035214,1573
3204,1.001,-1.4176,-1.001,-1.001,-1.701,-1.336,0.051344,312
4111,0,0,-1.6774,-1.143,1.001,-1.3359,0.024651,769
5516,1.001,-1.678,-1.001,-1.7356,-0.85101,-1.3354,0.034369,1474
5533,0,-1.001,-1.001,0,-1.001,-1.3339,0.020183,1491
5343,0,-1.001,0,-1.001,-1.001,-1.3331,0.0075241,1401
4527,0,-1.001,0,-0.21505,-1.001,-1.3323,0.011708,985
3545,0,0,0,-1.001,-1.001,-1.3308,0.010133,503
4446,0,-1.2381,-1.001,-1.4092,-1.001,-1.3301,0.02223,954
4303,-1.001,-1.001,0,-1.1388,-1.3669,-1.3299,0.14702,861
2815,0,-0.91685,-1.001,-1.001,-1.4008,-1.3292,0.016902,123
4739,1.5101,-1.9073,-1.6201,-1.001,-1.8715,-1.3259,0.13618,1097
3432,1.001,-1.3021,-1.4083,-1.2763,-0.52381,-1.3256,0.025956,440
4603,0,-1.001,0,-1.4133,0,-1.3253,0.017233,1011
3929,0,0,-1.3652,0,0,-1.3206,0.02458,687
5632,0,-1.001,-1.4154,-1.001,-1.001,-1.3202,0.020531,1540
5049,1.001,-1.2358,-1.3021,0,-1.001,-1.3198,0.021114,1257
4107,1.4112,-1.4129,-1.7295,0,-0.094073,-1.3192,0.061333,765
3344,1.001,-1.367,-1.001,-1.2773,-1.6838,-1.3159,0.051865,402
5734,0,-1.001,-1.001,-1.001,-1.001,-1.3156,0.020039,1592
3003,0,-1.001,-1.001,-1.3181,-1.3106,-1.3148,0.042176,211
2807,0,-1.001,-1.001,-1.5804,-1.3265,-1.3121,0.032355,115
5407,0.99729,-2.1009,-1.7676,-1.6036,0.66612,-1.312,0.080422,1415
4317,0,-0.69309,-1.001,-1.001,-1.001,-1.3119,0.023308,875
3508,0,-1.001,-1.3265,-1.001,-1.3366,-1.3119,0.05059,466
802,1.6625,0,-2.3849,-1.416,-1.001,-1.3102,0.072576,30
3912,1.001,0,-1.001,1.001,-1.6363,-1.3099,0.031417,670
5613,0,-1.001,-1.001,-1.001,-1.001,-1.3093,0.016341,1521
3528,0,-1.4168,-1.001,-1.001,-1.4157,-1.309,0.015063,486
5534,0,-1.001,-1.3837,-1.5513,-1.001,-1.3046,0.022533,1492
4143,1.001,-1.4159,0,-1.7323,-1.4142,-1.3046,0.02646,801
2910,0,-1.001,-1.001,-1.4165,-1.001,-1.3039,0.034822,168
4542,0,0,-1.001,0,-1.4167,-1.3005,0.036017,1000
4728,1.001,-1.3968,-1.3746,-1.7012,-0.48746,-1.3003,0.045998,1086
5220,0,-1.001,-1.6139,-1.001,-1.4324,-1.2995,0.025888,1328
3622,-1.001,0,-1.3099,-1.001,-1.001,-1.2993,0.025395,530
4623,0,-1.3366,-1.2226,-1.001,-1.001,-1.2981,0.017049,1031
4431,1.3773,-1.7211,-1.5033,-1.4377,-2.3047,-1.2977,0.047085,939
3945,0,-1.001,-1.3784,-1.001,0,-1.2966,0.022199,703
4545,1.001,-1.2312,-1.001,-1.2062,-1.001,-1.2956,0.01692,1003
4020,0,-1.4157,-1.001,-1.001,-1.4171,-1.2948,0.025054,728
3226,0,-1.001,-1.001,-1.001,-1.249,-1.292,0.018804,334
4419,1.001,-1.001,-1.7057,0,-1.523,-1.2904,0.052886,927
3728,0,1.001,-1.4167,-1.001,-1.6552,-1.2896,0.018969,586
4423,0,0.12804,-1.4168,-1.001,-1.001,-1.2884,0.056397,931
2907,1.001,-1.4055,-1.366,-1.001,-1.6725,-1.2883,0.067373,165
5123,-1.001,-1.001,-1.3894,-1.001,-1.4015,-1.2875,0.021767,1281
4043,0.42064,-1.001,-1.001,-1.3832,-0.49249,-1.2857,0.069885,751
5513,1.001,-1.3871,-1.001,-1.3312,-1.4125,-1.2856,0.048121,1471
3538,1.1493,-1.3039,-1.4165,-1.6062,-0.71438,-1.2847,0.11056,496
3628,0,-1.4171,-1.001,-1.001,0,-1.2818,0.015151,536
4113,0,-1.5941,-1.001,1.001,0,-1.279,0.020691,771
5229,0,0,0,-1.3715,-1.001,-1.279,0.022956,1337
2901,1.6243,-1.996,-1.2443,-1.8071,-0.13408,-1.2789,0.1974,159
5644,1.4216,-1.5048,-1.4154,-2.4687,-1.6194,-1.2742,0.10812,1552
4329,0,-1.001,-1.001,0,0,-1.2741,0.018963,887
5841,1.6971,-1.2717,-1.5836,-1.5875,-1.001,-1.2703,0.1395,1649
3125,1.001,-0.72873,-1.369,-1.1783,-1.001,-1.2686,0.037372,283
4211,0,-1.001,1.001,-1.3785,-1.2239,-1.2659,0.029769,819
4405,0,-1.001,-1.001,0,-1.001,-1.2652,0.016576,913
3240,0.89524,-1.001,-1.001,-1.7194,-1.001,-1.2644,0.081443,348
4147,1.001,-1.4106,-0.2391,-1.4129,0,-1.2638,0.024632,805
3337,1.3021,-1.5668,-1.3017,-1.4268,-1.7117,-1.2626,0.10332,395
4444,0,-1.001,0,0,-1.3356,-1.2548,0.031493,952
3923,0,0,-1.001,-1.3441,0,-1.2544,0.026603,681
2943,1.4083,-1.001,0,-1.3441,-1.4125,-1.2532,0.040138,201
4321,0,0,-1.001,0,-1.366,-1.2531,0.011728,879
4127,0,-1.3273,-1.001,-1.001,-1.001,-1.2511,0.012822,785
2601,0,-1.001,-1.001,-1.5499,-1.001,-1.2503,0.028046,101
1804,1.3947,-1.2966,-1.001,-1.001,-1.001,-1.2454,0.043473,72
4048,1.4171,-1.001,-1.3223,-1.001,-1.4991,-1.2444,0.050448,756
3718,0,0,-1.001,-1.001,-1.001,-1.2426,0.0096105,576
5202,0.87653,-1.8552,-1.5645,-1.4156,-1.2595,-1.2413,0.05039,1310
3823,0,-1.001,-1.001,0.26291,-1.4167,-1.2405,0.026848,631
3506,1.2436,-1.3977,-2.1723,-1.4175,-1.8763,-1.2389,0.2287,464
4308,0.76536,-1.3796,-0.23802,-1.001,-1.2513,-1.2348,0.045112,866
5625,0,-0.92795,-1.0294,-1.001,-1.3746,-1.2347,0.036442,1533
1303,0,-1.001,-1.001,-1.4165,-1.001,-1.2343,0.03549,51
4243,1.4142,-0.63128,0,-1.6235,-1.404,-1.2337,0.094167,851
3350,1.4168,-1.8823,-1.2707,-1.7309,-1.4165,-1.2332,0.11603,408
4239,1.2004,-1.5577,-1.9979,-1.4168,-1.7312,-1.224,0.065946,847
2826,0,-1.001,-1.001,0,-1.001,-1.2239,0.017744,134
3619,0,-1.001,0,-1.001,-1.4359,-1.2232,0.024457,527
3921,0,-1.001,-1.4159,-1.001,-1.001,-1.2177,0.025547,679
4102,0,-1.3992,0,-1.2188,-1.001,-1.2168,0.026561,760
3910,-1.001,-1.001,-1.001,0,-1.001,-1.2145,0.020756,668
4625,1.001,-1.1958,-1.1852,-1.001,-1.5651,-1.214,0.026392,1033
3540,1.268,-0.42043,-1.5317,-1.4909,-1.6323,-1.2101,0.1146,498
3142,1.001,-1.3083,-1.5634,-1.6139,-1.001,-1.2077,0.052286,300
4015,0,-1.3894,0,-1.2279,-1.001,-1.2065,0.019162,723
4233,0,-1.001,-1.5115,-1.0181,-1.001,-1.2038,0.024456,841
2501,0,-1.001,-1.4075,-1.001,-1.4133,-1.1993,0.016356,97
3950,1.001,-1.001,-1.9934,-1.6445,-1.001,-1.1983,0.039012,708
2906,1.7116,-1.9484,-1.4157,-2.6546,-2.0514,-1.1966,0.25797,164
5746,0,-1.001,-1.001,-1.4083,0,-1.1953,0.01371,1604
3943,1.358,-1.1783,-1.8058,-1.7037,-2.1609,-1.195,0.084406,701
3907,1.001,-1.3941,-1.001,-1.4167,-1.5837,-1.1942,0.03832,665
302,1.001,-1.6597,-1.001,-1.001,-1.001,-1.1905,0.030847,10
5047,0,-1.001,-1.001,-1.1581,-1.001,-1.1904,0.017441,1255
5824,0,-1.001,-1.2443,-1.001,-1.001,-1.1851,0.020251,1632
3536,0,-1.2748,-1.3806,-1.001,-1.001,-1.1843,0.022534,494
5606,1.001,-1.001,-1.4146,-1.001,-1.4092,-1.1839,0.075939,1514
4110,0,-1.001,-1.2505,-1.2004,0,-1.1802,0.028831,768
4319,0,0,-1.001,-1.001,-1.001,-1.1769,0.015154,877
2934,1.001,-1.4171,-0.73559,-1.001,-1.8682,-1.1756,0.048943,192
1901,1.001,-1.001,-1.001,-1.3941,0,-1.1751,0.055445,73
5248,1.001,-1.001,0,0,-1.3599,-1.174,0.056835,1356
5141,1.0522,-1.1688,-1.9999,-1.2945,-1.2774,-1.1714,0.06287,1299
5643,1.7226,-1.7304,-1.4168,-1.001,-1.001,-1.1695,0.063804,1551
3450,1.4139,-1.001,-1.3652,-1.3441,0,-1.1695,0.024857,458
1201,0.97425,-1.1811,-1.4171,-1.3246,-1.6313,-1.1687,0.069643,45
4229,1.001,-1.001,-1.001,-1.001,-1.4167,-1.1675,0.01173,837
3409,0,-1.001,-1.001,0,-1.001,-1.1663,0.011714,417
3330,0,-1.3153,1.001,0,-1.001,-1.1649,0.026344,388
3908,1.001,-1.4066,-1.4167,-1.7336,0,-1.1634,0.051073,666
3719,1.001,-1.4112,-1.4245,-1.2056,-1.001,-1.1622,0.054777,577
2804,0.15618,-1.7281,-1.7626,-0.31803,-1.001,-1.1602,0.038039,112
4414,0,-1.001,-1.001,-1.4154,-1.2669,-1.157,0.029153,922
4033,1.001,0,-1.2922,0,-1.3846,-1.1505,0.024328,741
5249,1.001,-1.6359,-1.3005,-1.2836,-1.3213,-1.1488,0.065392,1357
3648,1.001,-1.5434,-1.8166,-1.4455,-1.6711,-1.1471,0.065144,556
5617,0,-1.001,-1.001,-1.001,-1.4015,-1.1437,0.016349,1525
2947,0,-1.3586,0,-1.001,-1.001,-1.1392,0.015364,205
4349,1.4106,-1.001,-1.001,-1.2758,-1.3806,-1.1387,0.068752,907
2808,1.001,-1.3265,-1.5299,-1.8099,-1.6438,-1.1377,0.1209,116
5105,0,-1.1146,-1.001,-0.7053,-1.4125,-1.1362,0.026109,1263
4729,0,-1.001,0,-1.001,-0.8533,-1.1345,0.01687,1087
5515,1.369,-1.3947,-1.3923,-1.6729,-1.001,-1.1335,0.048295,1473
3422,1.3784,0.60901,-1.7243,-1.4171,-1.3949,-1.1322,0.056772,430
5316,-1.001,-1.001,0,0,-1.001,-1.1286,0.030266,1374
2904,1.2559,-1.001,-1.001,-1.5323,-1.9053,-1.1274,0.10379,162
4223,0,0,-1.001,0,-1.1504,-1.1236,0.029384,831
1001,1.001,-1.001,-1.7278,-1.9012,-1.4091,-1.1229,0.1334,37
5604,2.1449,-1.4799,-1.9762,-1.7232,-2.1679,-1.1205,0.20372,1512
3435,0,-0.61296,-1.001,-1.3193,-1.001,-1.1157,0.017273,443
3004,1.001,-1.4444,-1.649,0.46653,-1.0061,-1.1143,0.087666,212
4136,1.7349,-1.001,0,-1.3141,-1.7304,-1.1138,0.045822,794
5422,1.001,-1.2875,-1.4097,-1.4124,-0.12358,-1.1093,0.041324,1430
4035,0,-1.001,0,-1.416,-1.001,-1.1093,0.012563,743
2903,1.0453,-1.2304,-1.4075,-1.001,-1.2274,-1.1009,0.20537,161
3303,1.2498,-1.001,-1.3614,-1.5779,-1.155,-1.0989,0.16205,361
4146,1.001,-1.001,-1.001,-1.001,0,-1.0959,0.023737,804
5702,1.001,-1.3542,-1.3342,-1.001,-1.001,-1.0911,0.038406,1560
5245,1.001,-1.001,-1.001,-1.4171,0,-1.0885,0.048027,1353
3237,-0.24986,0,-1.4001,0,-1.3759,-1.0855,0.043006,345
1202,1.4136,-1.7027,-1.001,-1.2567,-1.001,-1.0733,0.054794,46
3747,1.001,-1.001,-1.001,-1.4167,0,-1.0723,0.040365,605
3245,-1.001,-1.001,0.13799,-1.001,-1.001,-1.072,0.019393,353
3509,1.001,-1.4153,-2.4626,-1.2434,-0.39778,-1.0705,0.060036,467
2830,1.001,-1.3894,0,-1.001,-1.3606,-1.0671,0.032055,138
4034,0,-1.001,-1.001,-1.4166,-1.001,-1.065,0.028736,742
4638,1.4166,-1.631,-1.001,-1.3989,-1.4106,-1.0604,0.11119,1046
3941,1.001,-1.001,-1.8584,-2.0038,-1.001,-1.06,0.076089,699
5102,1.001,0,-1.356,-1.7128,-1.3759,-1.0543,0.045254,1260
3402,1.2408,-1.6213,1.001,-1.3627,-1.0859,-1.0532,0.03136,410
1902,1.3789,-1.3273,-1.651,-1.7202,-0.5349,-1.0528,0.059335,74
4240,1.3821,0,-1.9375,-1.001,-1.001,-1.0508,0.056854,848
3637,1.3418,-1.6017,-1.501,-1.6601,-1.1815,-1.044,0.15365,545
4049,1.001,-1.4112,-0.54266,-0.54266,-1.001,-1.0418,0.071252,757
4522,1.4069,-1.001,-1.8927,-1.4151,-1.9554,-1.0324,0.047017,980
3919,1.2408,-1.001,-1.001,-1.41,-1.8628,-1.0318,0.035037,677
3915,0,-1.001,-1.001,-1.001,1.001,-1.0293,0.017051,673
3905,1.4142,-1.4166,-1.4799,-1.5178,-1.001,-1.0207,0.073272,663
202,0,0,-1.001,-1.001,-1.001,-1.001,0.011052,6
1503,0,0,-1.001,-1.001,-1.001,-1.001,0.011073,59
2302,0,-1.001,-1.001,-1.001,0,-1.001,0.018736,90
2303,0,0,0,0,-1.001,-1.001,0.0029368,91
2502,1.001,-1.001,-1.001,-1.001,-1.001,-1.001,0.008937,98
2918,0,-1.001,0,0,0,-1.001,0.0097403,176
2923,0,0,-1.001,1.001,-1.001,-1.001,0.013652,181
3015,0,0,0,-1.001,0,-1.001,0.0074077,223
3016,-1.001,-1.001,-0.99911,0.4473,-1.001,-1.001,0.019668,224
3145,0,0,0,-1.001,0,-1.001,0.022441,303
3217,0,0,0,-1.001,0,-1.001,0.014216,325
3316,0,0,-1.001,0,0,-1.001,0.013468,374
3405,0,0,-1.001,-1.001,0,-1.001,0.011596,413
3624,0,0,0,-1.001,0,-1.001,0.022531,532
3723,0,0,0,-1.001,0,-1.001,0.019627,581
3814,0,0,0,0,-1.001,-1.001,0.025472,622
3916,0,-1.001,0,0,0,-1.001,0.0086463,674
4013,0,0,-1.001,0,0,-1.001,0.009605,721
4014,1.001,-1.001,0,-1.001,0,-1.001,0.014385,722
4024,0,0,0,-1.001,-1.001,-1.001,0.019256,732
4045,0,0,0,0,-1.001,-1.001,0.0091344,753
4116,0,-1.001,0,-1.001,0,-1.001,0.014791,774
4148,0,-1.001,-1.001,0,-1.001,-1.001,0.01832,806
4209,0,-1.001,-1.001,-1.001,0,-1.001,0.024236,817
4220,0,0,-1.001,-1.001,-1.001,-1.001,0.0084223,828
4323,0,-1.001,-1.001,0,-1.001,-1.001,0.023894,881
4325,0,0,-1.001,0,0,-1.001,0.01717,883
4326,0,0,0,0,-1.001,-1.001,0.0098236,884
4402,0,-1.001,-1.001,0,0,-1.001,0.021515,910
4429,0,0,-1.001,0,0,-1.001,0.019219,937
4508,0,0,-1.001,-1.001,0,-1.001,0.015009,966
4518,0,0,0,-1.001,0,-1.001,0.010455,976
4549,0,-1.001,0,0,0,-1.001,0.0087717,1007
4617,0,-1.001,1.001,0,-1.001,-1.001,0.019389,1025
4724,0,0,0,0,-1.001,-1.001,0.015827,1082
5021,0,-1.001,0,0,0,-1.001,0.011935,1229
5024,0,-1.001,0,-1.001,0,-1.001,0.0078881,1232
5107,0,0,0,0,-1.001,-1.001,0.016228,1265
5149,0,0,-1.001,-1.001,-1.001,-1.001,0.011696,1307
5216,0,0,0,0,-1.001,-1.001,0.017355,1324
5219,0,0,-1.001,0,0,-1.001,0.01158,1327
5310,0,-1.001,-1.001,-1.001,0,-1.001,0.0097764,1368
5312,0,0,0,-1.001,0,-1.001,0.0063854,1370
5317,0,0,0,-1.001,0,-1.001,0.0027794,1375
5320,0,0,0,-1.001,0,-1.001,0.0046159,1378
5321,0,0,0,-1.001,0,-1.001,0.0091379,1379
5324,0,-1.001,-1.001,-1.001,-1.001,-1.001,0.0067009,1382
5333,0,-1.001,0,0,0,-1.001,0.0098419,1391
5335,0,0,0,-1.001,0,-1.001,0.0035151,1393
5338,0,0,0,-1.001,0,-1.001,0.0036414,1396
5340,0,0,0,-1.001,0,-1.001,0.0020414,1398
5341,0,-1.001,0,0,0,-1.001,0.0033703,1399
5345,0,0,0,-1.001,-1.001,-1.001,0.0070899,1403
5348,0,-1.001,0,0,-1.001,-1.001,0.0068899,1406
5529,0,0,0,-1.001,0,-1.001,0.01706,1487
5636,0,-1.001,0,0,-1.001,-1.001,0.020703,1544
5826,0,0,-1.001,-1.001,-1.001,-1.001,0.014477,1634
5845,0,0,0,0,-1.001,-1.001,0.053799,1653
3244,1.1419,-1.001,-1.5269,-1.1655,-1.001,-0.99851,0.042142,352
2403,0.54838,-1.001,-1.001,-1.3265,-1.141,-0.99194,0.022785,95
5744,0.75409,-1.7308,-0.53862,-0.64721,-1.5098,-0.99085,0.10819,1602
2933,1.001,-1.1818,0.094073,-1.2751,0,-0.98778,0.035368,191
504,1.001,-1.1063,-1.8525,-1.2986,-1.001,-0.97835,0.060276,20
4407,0.79304,-1.001,-1.3861,-1.001,-1.7557,-0.97403,0.051121,915
5307,1.001,-1.4097,-1.2844,-1.001,0,-0.97104,0.059184,1365
3539,1.6877,-1.4146,-1.9996,-1.001,-2.0967,-0.96903,0.16529,497
4544,1.4171,-1.9832,-1.001,-1.001,-1.2966,-0.96462,0.072669,1002
3138,1.4061,-1.1745,-2.1529,-1.001,-1.7167,-0.96452,0.050569,296
3201,0.84174,-1.351,-1.1574,-1.2581,-1.001,-0.95573,0.046017,309
4101,1.001,-1.001,-1.001,-1.4166,-1.351,-0.95225,0.023657,759
4242,1.001,0,-1.001,-1.4154,-1.001,-0.95148,0.033078,850
5741,1.001,-1.001,0,-1.001,-1.001,-0.94903,0.066197,1599
2909,0.57972,-1.7093,-1.001,0,-1.001,-0.94013,0.059843,167
5244,0,-1.001,-1.001,-0.18691,-1.001,-0.93741,0.022422,1352
4441,1.3005,-1.3441,-1.4171,-1.336,-1.001,-0.92127,0.12202,949
3801,1.001,0,-1.917,-1.001,0,-0.9177,0.038574,609
5900,0.58903,0,-1.4112,-1.7357,-1.001,-0.91717,0.056583,1659
801,1.4665,-1.6664,-1.4171,-1.7345,-1.3115,-0.91318,0.04663,29
5350,1.9691,-1.9445,-1.6222,-1.8691,-1.9457,-0.90558,0.26486,1408
3040,1.8543,-1.1105,-1.9565,-1.556,-0.83427,-0.89508,0.16652,248
3131,1.001,-1.4154,-1.4997,-1.4069,-1.001,-0.89457,0.043232,289
4231,1.001,0,-1.001,-1.001,-1.001,-0.89414,0.044056,839
4249,1.795,-1.4165,-1.8843,0,-1.3006,-0.88411,0.089791,857
3937,1.001,-1.7135,-1.7276,-1.001,-1.001,-0.87752,0.071393,695
3031,0,-1.4168,1.001,-1.4015,-0.19231,-0.87727,0.015615,239
4118,1.404,-1.001,-1.001,-1.001,-1.001,-0.87473,0.025606,776
3437,1.246,-2,-1.8186,-1.001,-2.1937,-0.87278,0.12996,445
2842,2.1589,-1.8364,-1.757,-1.8987,-1.1531,-0.87152,0.69859,150
3708,1.1649,-1.9172,-1.9055,-1.3193,0,-0.87084,0.062775,566
5419,1.001,-1.4133,-1.635,-1.4151,-1.3084,-0.86655,0.047885,1427
3742,2.1746,-1.5969,-0.84584,-0.92392,-1.1849,-0.8642,0.10117,600
4540,1.1977,0,-1.001,-1.3363,-1.544,-0.85642,0.043467,998
4009,1.001,-1.001,-1.3977,0,0,-0.84576,0.025934,717
4038,1.4171,-1.001,-1.001,0,-1.3846,-0.84307,0.071396,746
5609,0,-0.32231,-1.001,0,-1.001,-0.841,0.015393,1517
4006,1.7345,0,-1.4112,-1.3669,0,-0.83497,0.063083,714
702,0.87563,-1.3599,-1.4092,-1.4136,0,-0.83378,0.074855,26
3522,0,-1.001,1.001,0,-1.001,-0.83301,0.015245,480
3623,1.2926,-1.3779,-1.001,-1.2669,-0.45333,-0.82812,0.046589,531
4440,1.001,-1.001,-1.001,-1.001,0,-0.82461,0.028477,948
4744,0,-0.42506,0,1.001,-1.4168,-0.82216,0.013886,1102
3519,1.001,-1.001,-1.3758,-1.3342,-1.4167,-0.81996,0.064078,477
4642,0.03625,-1.001,0,0,0,-0.81715,0.082572,1050
5640,2.0294,-1.7369,-1.3134,-1.6374,-1.6074,-0.8165,0.25707,1548
3625,0,0,0,-0.76405,0,-0.81569,0.01417,533
5706,1.001,-1.001,1.001,-1.4097,-1.001,-0.81458,0.034651,1564
5247,1.7318,-1.001,-1.001,0,-1.001,-0.8089,0.052184,1355
3705,1.001,0,-1.001,-1.4167,-1.369,-0.80237,0.042854,563
3741,1.2145,-1.7216,-1.7367,-1.001,-1.5562,-0.80128,0.072429,599
3006,1.001,0,-1.3832,-1.243,-1.001,-0.80046,0.040813,214
502,1.001,-1.001,-1.4167,-1.001,-1.4112,-0.79967,0.020173,18
5438,2.1448,-1.8987,-2.1581,-1.7507,-1.391,-0.78464,0.23491,1446
3846,1.001,-0.12804,-1.001,-1.6101,-1.001,-0.77523,0.026798,654
2802,2.2776,-1.4775,-1.6943,-1.5055,-1.772,-0.77474,0.15894,110
4449,1.6636,-1.4144,-1.001,0,-1.7053,-0.7692,0.0618,957
4108,1.001,-1.001,0,0,0,-0.76724,0.026708,766
3241,1.3021,-1.001,-1.001,-1.4028,-1.674,-0.76341,0.10537,349
4003,1.001,-1.001,0,-1.4112,0,-0.7583,0.045396,711
4347,1.001,-1.233,-1.001,-1.4167,-1.404,-0.74837,0.037771,905
4044,1.3746,-1.4028,-1.4083,-1.001,-1.001,-0.73935,0.066774,752
5608,1.001,-1.001,-1.001,0,-1.001,-0.73848,0.02806,1516
5642,2.0605,-1.5915,-1.8922,-1.3002,-1.8455,-0.73476,0.26538,1550
2602,1.6266,-2.1633,-1.001,-1.3806,-1.4168,-0.7335,0.097171,102
3150,1.4385,-1.8152,-1.9051,-2.4472,-0.57754,-0.73062,0.30926,308
4207,0.9647,-1.155,0,-1.369,-1.001,-0.728,0.12728,815
2931,1.001,-1.001,-1.001,-0.67078,0,-0.72117,0.023404,189
3711,1.3832,0,-2.0679,-1.2872,-1.001,-0.7192,0.063921,569
4640,1.7736,-1.1707,-1.8059,-1.4154,-1.1727,-0.70295,0.146,1048
5740,1.6435,-1.001,-1.4083,-1.001,-0.83263,-0.69697,0.079842,1598
3850,1.001,-1.001,-1.107,0,-0.702,-0.69244,0.042319,658
5241,1.404,-1.001,-1.001,-1.001,-0.69565,-0.68382,0.15692,1349
4342,1.7327,0,-1.4146,0.22058,-1.3599,-0.67629,0.043799,900
3102,0.86132,-1.001,-1.9447,-1.5737,0,-0.67157,0.039082,260
3803,1.1177,-1.4132,-1.3986,-1.4051,-1.001,-0.65985,0.10557,611
5206,1.2581,-1.001,-1.6154,-1.001,0,-0.65023,0.054864,1314
3535,1.001,-1.001,-1.001,0,0,-0.64213,0.021427,493
3647,1.001,-1.3566,-1.001,-1.001,-1.001,-0.64205,0.035446,555
3807,1.001,-1.001,-1.001,0,-1.001,-0.63865,0.028683,615
5806,1.001,-1.4158,0,-1.001,0,-0.63774,0.085475,1614
5414,1.001,0,-1.001,-1.3894,-1.4136,-0.62748,0.035792,1422
5346,0,-0.49669,-1.001,0,0,-0.61865,0.010344,1404
3248,1.8999,0,-1.001,-1.2669,-1.2242,-0.61628,0.051778,356
3407,1.001,-1.4051,-1.001,-1.3652,-1.001,-0.59569,0.04579,415
3107,1.3829,-1.369,-0.13408,-1.4154,-1.243,-0.59355,0.082126,265
3944,1.001,1.001,0,-1.4139,-1.2754,-0.59342,0.029623,702
4346,1.001,0,-1.4055,-1.001,-1.2518,-0.58789,0.088429,904
3837,1.4126,-1.9706,-1.6271,-0.38635,-1.7567,-0.57588,0.1196,645
5748,1.3527,-1.001,-1.3727,0,-1.5493,-0.57075,0.06874,1606
4641,2.0638,-1.3914,-1.9093,-1.7273,0.090086,-0.56315,0.079749,1049
4433,1.001,-1.4092,-1.001,-1.001,-1.001,-0.55825,0.030223,941
5530,1.001,-1.4066,0,0,0,-0.54458,0.02232,1488
5408,1.2419,0,-1.001,-1.7209,-1.4133,-0.54366,0.066284,1416
3419,1.3874,-1.3715,0,-1.001,-1.2297,-0.54186,0.032528,427
5544,1.654,-1.6374,-0.95448,-1.5528,-1.1613,-0.53984,0.16672,1502
5440,2.0334,-2.1434,-2.2862,-1.5988,-1.3609,-0.53631,0.32554,1448
4601,1.3855,-1.001,0,-1.7344,-1.001,-0.52798,0.059561,1009
3349,0.95856,-1.6646,-2.2083,-1.001,-1.6728,-0.51993,0.11977,407
501,2.487,-1.6991,-1.0164,-1.5884,-0.76855,-0.51711,0.23829,17
4523,0,0.1894,0,-1.001,0,-0.50576,0.015882,981
5804,1.5695,-1.51,-1.001,-1.369,-1.4119,-0.49945,0.15348,1612
5302,0,1.001,-1.001,0,0,-0.49624,0.0074667,1360
4132,0,1.001,0,-1.001,0,-0.48709,0.018164,790
4037,0.59483,-1.4167,0,-1.001,-1.001,-0.46277,0.042621,745
5506,1.7746,-1.691,-1.4454,-1.651,-1.844,-0.45166,0.14222,1464
3641,2.4384,-0.43563,-1.7567,-2.0935,-1.8577,-0.44966,0.44843,549
4337,1.4158,-2.0944,-1.5526,-2.2343,-1.3727,-0.44352,0.077217,895
3433,1.001,0,-1.001,-1.001,-1.6309,-0.44186,0.043664,441
2801,1.7452,-1.6186,-1.8663,-1.5356,-2.0055,-0.43855,0.14358,109
3829,1.001,-1.001,-1.001,0,0,-0.43765,0.025167,637
4150,1.3409,-1.6154,-1.177,-1.001,-1.194,-0.43531,0.050959,808
3014,1.001,-1.7036,0,-1.001,-1.001,-0.42423,0.030771,222
5548,1.3509,-1.2408,-1.511,-1.3441,-1.001,-0.42389,0.070388,1506
4749,1.001,-1.001,0,0,0,-0.4072,0.016391,1107
3447,1.4167,-1.001,-1.001,-1.001,0,-0.40365,0.035119,455
3302,1.001,-1.2297,-1.4061,1.001,0,-0.40179,0.019638,360
3847,1.3966,-0.93303,-1.3894,-1.6011,-1.6397,-0.39875,0.10035,655
4250,1.4112,-1.4124,-1.001,-1.4166,0,-0.38321,0.05247,858
2803,1.4124,-0.7379,-1.243,-1.001,-1.4133,-0.38277,0.084195,111
4304,1.001,-1.001,0,-1.001,-1.001,-0.38164,0.027004,862
4028,1.3287,-1.001,-1.001,-1.4028,0,-0.37007,0.043097,736
3924,0,-1.4136,1.001,0,-1.001,-0.36417,0.039431,682
3548,1.6963,-1.8407,-1.3586,-2.2409,-1.4166,-0.35939,0.085731,506
4538,2.2649,-2.0068,-1.0183,-1.5814,-2.3288,-0.34935,0.30474,996
4503,1.001,0,-1.4171,-1.001,-1.4112,-0.34724,0.051142,961
3738,1.4437,-1.7147,-1.8692,-2.1155,-1.9807,-0.33714,0.13662,596
3216,1.4171,0,-1.001,-0.96233,0,-0.31804,0.039879,324
3444,1.001,-1.001,-1.384,0,0,-0.27821,0.053582,452
5742,1.1968,-1.828,0,0,-1.4125,-0.2601,0.084654,1600
5739,1.4014,-1.001,-1.3869,-1.3954,-1.001,-0.25513,0.067754,1597
3342,1.627,-1.7307,-1.001,-1.001,-1.001,-0.23424,0.15265,400
3338,1.4422,-1.2896,-1.3581,-1.6318,1.001,-0.22849,0.089717,396
3809,1.001,-1.001,-1.001,-1.4865,-1.001,-0.20929,0.041831,617
5849,1.608,-1.6308,-1.001,-1.001,-1.001,-0.20536,0.11411,1657
5250,1.651,-1.001,-1.6738,-1.001,-1.6114,-0.17425,0.051496,1358
2940,2.2023,-2.0725,-2.3484,0,-1.2213,-0.15822,0.15268,198
1504,1.6807,-1.001,-1.001,-1.3881,-1.001,-0.13592,0.11407,60
4443,2.3462,-1.4513,-1.001,-0.9805,-1.3682,-0.10479,0.17072,951
3050,2.8443,-1.3641,-2.2477,-2.3842,-1.8759,-0.078697,0.55074,258
3104,2.4237,-1.7739,-2.0791,-1.7359,-1.3432,-0.077182,0.15723,262
3802,2.0943,-1.5208,-1.66,-1.5698,-1.3441,-0.075991,0.1097,610
4630,1.001,-1.001,0,-0.8298,0,-0.045734,0.03501,1038
3543,1.001,-1.4165,0,-1.001,-1.001,-0.042957,0.052171,501
5850,2.0319,-1.4431,-1.001,-1.3599,-1.6866,-0.03814,0.19856,1658
3931,1.3213,-1.001,-1.001,-1.001,0,-0.033707,0.029391,689
3542,1.5666,0,-1.4148,-0.33187,-1.3141,-0.022991,0.05516,500
1402,0,0,0,0,0,0,0.004279,54
1502,0,0,0,0,0,0,0.0063049,58
2101,0,0,0,0,0,0,0,81
2102,0,0,0,0,0,0,0,82
2103,0,0,0,0,0,0,0,83
2104,0,0,0,0,0,0,0,84
2201,0,0,0,0,0,0,0,85
2202,0,0,0,0,0,0,0,86
2203,0,0,0,0,0,0,0,87
2204,0,0,0,0,0,0,0,88
2503,0,0,0,0,0,0,0.0075277,99
2504,0,0,0,0,0,0,0,100
2846,0,0,0,1.001,-1.001,0,0.03738,154
3035,0,0,0,0,0,0,0.011035,243
3047,0,0,-1.001,1.001,0,0,0.019905,255
3537,0,0,0,0,0,0,0.0080432,495
3733,0,0,0,0,0,0,0.013358,591
4109,0,0,0,0,0,0,0.037749,767
4120,0,0,0,0,0,0,0.044798,778
4124,0,0,0,0,0,0,0.010134,782
4133,0,0,0,0,0,0,0.0061173,791
4801,0,0,0,0,0,0,0,1109
4802,0,0,0,0,0,0,0,1110
4803,0,0,0,0,0,0,0,1111
4804,0,0,0,0,0,0,0,1112
4805,0,0,0,0,0,0,0,1113
4806,0,0,0,0,0,0,0,1114
4807,0,0,0,0,0,0,0,1115
4808,0,0,0,0,0,0,0,1116
4809,0,0,0,0,0,0,0,1117
4810,0,0,0,0,0,0,0,1118
4811,0,0,0,0,0,0,0,1119
4812,0,0,0,0,0,0,0,1120
4813,0,0,0,0,0,0,0,1121
4814,0,0,0,0,0,0,0,1122
4815,0,0,0,0,0,0,0,1123
4816,0,0,0,0,0,0,0,1124
4817,0,0,0,0,0,0,0,1125
4818,0,0,0,0,0,0,0,1126
4819,0,0,0,0,0,0,0,1127
4820,0,0,0,0,0,0,0,1128
4821,0,0,0,0,0,0,0,1129
4822,0,0,0,0,0,0,0,1130
4823,0,0,0,0,0,0,0,1131
4824,0,0,0,0,0,0,0,1132
4825,0,0,0,0,0,0,0,1133
4826,0,0,0,0,0,0,0,1134
4827,0,0,0,0,0,0,0,1135
4828,0,0,0,0,0,0,0,1136
4829,0,0,0,0,0,0,0,1137
4830,0,0,0,0,0,0,0,1138
4831,0,0,0,0,0,0,0,1139
4832,0,0,0,0,0,0,0,1140
4833,0,0,0,0,0,0,0,1141
4834,0,0,0,0,0,0,0,1142
4835,0,0,0,0,0,0,0,1143
4836,0,0,0,0,0,0,0,1144
4837,0,0,0,0,0,0,0,1145
4838,0,0,0,0,0,0,0,1146
4839,0,0,0,0,0,0,0,1147
4840,0,0,0,0,0,0,0,1148
4841,0,0,0,0,0,0,0,1149
4842,0,0,0,0,0,0,0,1150
4843,0,0,0,0,0,0,0,1151
4844,0,0,0,0,0,0,0,1152
4845,0,0,0,0,0,0,0,1153
4846,0,0,0,0,0,0,0,1154
4847,0,0,0,0,0,0,0,1155
4848,0,0,0,0,0,0,0,1156
4849,0,0,0,0,0,0,0,1157
4850,0,0,0,0,0,0,0,1158
4901,0,0,0,0,0,0,0,1159
4902,0,0,0,0,0,0,0,1160
4903,0,0,0,0,0,0,0,1161
4904,0,0,0,0,0,0,0,1162
4905,0,0,0,0,0,0,0,1163
4906,0,0,0,0,0,0,0,1164
4907,0,0,0,0,0,0,0,1165
4908,0,0,0,0,0,0,0,1166
4909,0,0,0,0,0,0,0,1167
4910,0,0,0,0,0,0,0,1168
4911,0,0,0,0,0,0,0,1169
4912,0,0,0,0,0,0,0,1170
4913,0,0,0,0,0,0,0,1171
4914,0,0,0,0,0,0,0,1172
4915,0,0,0,0,0,0,0,1173
4916,0,0,0,0,0,0,0,1174
4917,0,0,0,0,0,0,0,1175
4918,0,0,0,0,0,0,0,1176
4919,0,0,0,0,0,0,0,1177
4920,0,0,0,0,0,0,0,1178
4921,0,0,0,0,0,0,0,1179
4922,0,0,0,0,0,0,0,1180
4923,0,0,0,0,0,0,0,1181
4924,0,0,0,0,0,0,0,1182
4925,0,0,0,0,0,0,0,1183
4926,0,0,0,0,0,0,0,1184
4927,0,0,0,0,0,0,0,1185
4928,0,0,0,0,0,0,0,1186
4929,0,0,0,0,0,0,0,1187
4930,0,0,0,0,0,0,0,1188
4931,0,0,0,0,0,0,0,1189
4932,0,0,0,0,0,0,0,1190
4933,0,0,0,0,0,0,0,1191
4934,0,0,0,0,0,0,0,1192
4935,0,0,0,0,0,0,0,1193
4936,0,0,0,0,0,0,0,1194
4937,0,0,0,0,0,0,0,1195
4938,0,0,0,0,0,0,0,1196
4939,0,0,0,0,0,0,0,1197
4940,0,0,0,0,0,0,0,1198
4941,0,0,0,0,0,0,0,1199
4942,0,0,0,0,0,0,0,1200
4943,0,0,0,0,0,0,0,1201
4944,0,0,0,0,0,0,0,1202
4945,0,0,0,0,0,0,0,1203
4946,0,0,0,0,0,0,0,1204
4947,0,0,0,0,0,0,0,1205
4948,0,0,0,0,0,0,0,1206
4949,0,0,0,0,0,0,0,1207
4950,0,0,0,0,0,0,0,1208
5026,0,0,-1.001,1.001,0,0,0.011054,1234
5304,0,0,0,0,0,0,0.0035785,1362
5308,0,0,0,0,0,0,0.0045187,1366
5311,0,0,0,0,0,0,0.0029088,1369
5325,0,0,0,0,0,0,0.0034176,1383
5326,0,0,0,0,0,0,0.0011208,1384
5327,0,0,0,0,0,0,0.012041,1385
5329,0,0,0,0,0,0,0.0035259,1387
5334,0,0,0,0,0,0,0.00077619,1392
5336,0,0,0,0,0,0,0.0011562,1394
5342,0,0,0,0,0,0,0.0058865,1400
5822,0,0,0,0,0,0,0.0072049,1630
6300,0,0,0,0,0,0,0.0026652,1663
3238,1.4028,0,-1.001,-1.001,-1.001,0.0046446,0.066802,346
4403,1.3342,0,-1.001,0,-1.4129,0.010682,0.064577,911
5547,1.001,-1.001,0,0,0,0.025477,0.028458,1505
3149,1.855,-1.4156,-1.5925,-1.588,-1.994,0.027428,0.27015,307
3643,1.001,0,-1.4167,0,0,0.051099,0.055982,551
3043,1.3964,-1.4028,-1.3581,-0.20834,0,0.056265,0.038594,251
2838,2.1735,-2.0952,-1.0344,-1.3817,-1.559,0.058162,0.39603,146
1604,1.001,0,0,-1.001,0,0.064804,0.027123,64
5501,1.8155,-0.84941,-1.2257,-1.7062,-0.28467,0.068547,0.086685,1459
5538,1.9848,-1.4017,-1.8133,-1.592,-1.8886,0.082756,0.31648,1496
3904,1.4117,-1.001,-1.6261,-1.001,-1.7324,0.096098,0.080395,662
2937,2.0244,-1.5403,-1.2867,0.1685,-1.4146,0.12225,0.17442,195
5349,2.5675,-1.6721,-0.7507,-1.6294,-2.3732,0.17204,0.60612,1407
5433,1.001,-1.7369,-1.706,0,-1.9506,0.17812,0.049491,1441
5441,2.3295,-1.6366,0,-1.6808,-1.363,0.1787,0.21846,1449
3343,1.3759,-1.001,-1.3977,0,-1.4075,0.21124,0.091794,401
5545,1.6345,-1.3586,0,0,-1.4091,0.22159,0.1632,1503
3848,1.001,-1.001,-1.001,-1.4166,-1.001,0.22789,0.057419,656
5848,1.4814,-1.4148,0,-1.001,-1.001,0.22969,0.053112,1656
1602,1.5858,1.001,-1.001,-1.001,-1.6164,0.27879,0.080637,62
4502,1.6558,-1.3679,-1.3614,-1.001,-0.098428,0.29844,0.084663,960
2837,2.5406,-1.074,-1.6784,-1.5588,-1.5382,0.31317,0.35559,145
4301,1.138,-1.001,-1.001,1.001,-1.3256,0.34979,0.074973,859
5737,1.001,1.001,0,-1.001,-1.001,0.35902,0.026593,1595
4307,2.1946,-1.7351,-1.1226,-2.4852,-1.6298,0.3599,0.46776,865
3140,1.4881,-1.001,-1.4028,-1.001,-1.001,0.37526,0.080794,298
601,1.2935,-1.001,-1.4151,0,-1.4158,0.37763,0.067139,21
101,1.9365,0,-1.001,-1.4008,-1.4083,0.37768,0.2068,1
4547,1.3193,-1.001,0,-1.001,-1.001,0.38143,0.056265,1005
2941,2.5172,-0.84882,-1.4055,-1.3256,-1.5243,0.38834,0.30537,199
3041,1.001,-1.001,-1.001,0,1.001,0.4226,0.017124,249
201,2.8663,-2.1753,-0.65814,-1.6648,-2.2554,0.42577,0.48422,5
4748,1.726,-1.7947,-1.404,-1.001,-1.3869,0.43242,0.057842,1106
3749,0.8395,-1.4046,-0.79964,-0.63568,1.001,0.44982,0.038538,607
5445,1.001,-1.001,0,0,-1.001,0.4933,0.021461,1453
5842,2.301,0,-1.7358,-1.001,-0.18771,0.49686,0.16116,1650
3603,1.9541,-1.4149,-1.3441,-1.4136,-0.88292,0.50598,0.19279,511
5743,1.7038,-1.4171,0,-0.57869,-1.001,0.50791,0.16397,1601
2902,2.3387,-1.5694,-2.1785,-1.7807,-1.8539,0.52549,0.30189,160
1003,1.417,-1.001,0,-1.001,-1.3516,0.55603,0.05274,39
3436,1.4136,-1.001,0,0,0,0.57674,0.021061,444
2939,2.4628,-2.4703,-1.9247,-1.646,-1.3788,0.57993,0.48011,197
3906,2.0398,-1.4156,-1.2592,-1.4106,-1.4112,0.58716,0.30461,664
4341,1.8728,-1.3441,0.094073,-1.001,-1.616,0.58746,0.13055,899
5839,1.7132,-1.001,-1.3519,-1.3941,-1.736,0.59007,0.16359,1647
3243,2.4052,-1.3685,-1.3347,-1.001,-0.62147,0.60629,0.25651,351
3049,2.3436,-1.8661,-1.2581,-1.4627,-1.4741,0.64103,0.32557,257
2704,1.3844,0,-1.001,-1.4148,-0.42952,0.66674,0.063035,108
3638,1.5952,-1.3513,-1.351,-1.4154,0,0.68172,0.20375,546
3439,2.0242,-2.0996,-1.7839,-1.8996,-1.001,0.72572,0.2352,447
3819,1.001,-1.4167,0,0,0,0.77735,0.017149,627
5039,2.0513,1.7184,-1.8499,-1.3818,0,0.78833,0.31824,1247
3403,1.7887,-1.6721,-0.51023,-0.22881,-1.8275,0.80737,0.22348,411
5541,3.3905,-1.2096,-1.5083,-0.90602,-1.001,0.83456,0.59625,1499
5409,1.001,1.001,0,-1.001,0,0.85715,0.032969,1417
3933,2.0028,-1.6985,-1.3599,-0.74503,-1.3837,0.88408,0.08775,691
3616,1.3342,0,-1.001,-1.001,0,0.88519,0.04912,524
3602,1.9157,-2.2307,-1.6216,-1.001,-1.4051,0.90152,0.17619,510
4639,2.157,-0.67717,-0.83098,-1.4055,0,0.90354,0.18791,1047
5843,2.0359,-1.001,-1.001,-1.001,-1.001,0.93965,0.15956,1651
4539,2.6887,-2.4278,-0.50716,-2.4405,-0.96674,0.94945,0.58995,997
2841,2.5372,-1.3977,-1.5123,-1.2321,-1.3871,0.99746,0.37273,149
3922,1.001,-1.001,1.001,0,0,1.001,0.038396,680
4609,1.001,0,0,0,0,1.001,0.032681,1017
5339,1.001,0,0,0,0,1.001,0.0081952,1397
5344,1.001,0,0,0,0,1.001,0.027792,1402
3249,2.2706,-1.9218,-1.1606,-1.4129,-1.7304,1.0175,0.37466,357
4442,1.8959,1.001,-1.001,-1.3865,0,1.0503,0.12743,950
6000,1.486,-1.001,-1.001,0,-1.4171,1.0987,0.076201,1660
3903,1.7276,0.1032,0.034483,0,-0.034483,1.1308,0.048413,661
2938,2.5788,-2.7098,-1.5225,-2.4515,-1.7338,1.135,0.70121,196
3502,1.9665,-2.1499,-1.396,-1.2145,-1.2518,1.1371,0.20683,460
4302,1.7158,-1.001,-1.7056,-1.001,0.067268,1.1698,0.10066,860
5537,2.6797,-1.981,-2.4425,-1.3193,-2.1514,1.2159,0.50107,1495
2848,1.5807,-1.001,-1.001,0,0,1.2538,0.085703,156
4348,1.685,0.034483,0,-1.4171,0,1.2657,0.058977,906
5641,1.972,-1.6078,-1.7132,-1.3352,-1.8257,1.2761,0.23393,1549
5238,2.4595,-1.2868,-1.8665,-1.7958,-1.33,1.2806,0.34366,1346
1203,2.2615,0,0,-1.001,-1.6467,1.2952,0.07679,47
5240,1.4169,0,-1.001,0,0,1.2956,0.036528,1348
3511,1.3519,0,1.001,0,-1.001,1.3406,0.036684,469
3423,1.351,0,0,0,0,1.3441,0.057387,431
3839,1.9471,-0.6582,-1.6519,-1.001,-1.5651,1.3468,0.25974,647
5437,2.3771,-1.4465,-1.1299,-2.2594,-2.0236,1.351,0.28209,1445
3242,2.0598,-1.7276,0,-1.4171,-1.3992,1.3738,0.19441,350
4548,1.8825,0,-1.001,-1.4112,-1.4168,1.3747,0.09005,1006
5439,3.1078,-1.9644,-2.5286,-2.7008,-1.7194,1.415,0.6973,1447
3939,1.8698,-0.59597,-1.7023,-2.1763,-1.001,1.4166,0.15556,697
4649,2.4423,-1.4121,-1.001,-1.3669,-1.3281,1.4299,0.16128,1057
3841,1.6771,0,1.001,0,-1.3599,1.4532,0.11533,649
3038,1.5609,0,-1.3773,0,0,1.4559,0.20121,246
3639,2.6522,-2.1331,0,-0.63512,-2.1532,1.5416,0.36017,547
5239,3.0266,-1.7833,-1.8041,-2.4513,-2.2135,1.5622,0.69363,1347
5237,3.6794,-2.1811,-2.7843,-2.745,-1.6995,1.6642,1.2205,1345
5540,2.494,-1.4112,-1.4133,-1.5931,-1.4028,1.7945,0.31487,1498
5542,2.3249,-1.3968,0,0,0,1.8663,0.16193,1500
4339,3.1629,-1.3914,-2.1174,-1.8339,-2.2137,1.9005,0.6656,897
2950,2.643,-1.9366,-1.9122,-2.3582,-2.1508,1.9205,0.56625,208
2839,2.9539,0.47722,-0.56645,-1.5477,-0.74023,1.9499,0.81713,147
2949,3.1623,-1.3185,-2.2488,-1.4089,-1.9075,2.3445,0.50454,207
2843,3.1839,-1.6834,0,-0.035875,-1.4133,2.3558,0.48429,151
3250,2.8502,0,-1.001,1.001,-1.001,2.4104,0.38025,358
5749,2.6168,0,-1.001,0.17542,0,2.4796,0.4687,1607
5449,3.3686,-1.6047,-1.1114,-2.544,-2.7226,2.533,0.6272,1457
5750,2.818,1.001,0,-1.001,-1.7162,2.5967,0.51065,1608
5650,3.0234,-1.1299,-1.7323,0.071542,-1.9517,2.7436,0.53901,1558
5450,3.4634,-2.4295,-1.9873,-2.2391,-2.7412,2.9554,0.70102,1458
5543,3.5003,-0.11745,-0.098428,-0.74868,0,3.1694,0.64518,1501
5539,4.3484,-1.582,-1.4153,-1.2061,-1.4068,3.4822,1.5729,1497
5550,4.6623,-1.198,-1.8764,-1.4159,-0.95957,3.984,1.5605,1508
2701,4.3002,-0.6126,-1.8214,-1.5735,-1.7231,4.0503,1.1766,105
2849,5.0331,-2.0288,-0.99751,-0.47087,-1.0689,4.4424,1.9109,157
2850,5.3616,-1.9454,-1.4136,-1.1221,-1.2366,5.1488,1.832,158
5549,5.8,-2.2178,-0.51469,-1.9453,-1.5221,5.5198,2.3215,1507
